<allbooks>
<book>
<ISBN>034536676X</ISBN>
<url>http://www.infibeam.com//Books/info/John-Irving/The-World-According-to-Garp/034536676X.html?utm_term=034536676x_1_1</url>
<Price>342</Price>
<ShippingDays>8-10 business days</ShippingDays>
</book>
<book>
<ISBN>817391916X</ISBN>
<url>http://www.infibeam.com//Books/info/amarjit-singh/jinnah-punjab-shamsul-hasan-collection-other-documents-1944/9788173919169.html?utm_term=817391916x_1_1</url>
<Price>680</Price>
<ShippingDays>Title:</ShippingDays>
</book>
<book>
<ISBN>818477463X</ISBN>
<url>http://www.infibeam.com//Books/info/meenakshi-reddy-madhavan/confessions-listmaniac/9788184774634.html?utm_term=818477463x_1_1</url>
<Price>116</Price>
<ShippingDays>3-5 business days</ShippingDays>
</book>
<book>
<ISBN>186207996X</ISBN>
<url>http://www.infibeam.com//Books/info/jeffrey-rosenthal/struck-lightning/9781862079960.html?utm_term=186207996x_1_1</url>
<Price>635</Price>
<ShippingDays>15-18 business days</ShippingDays>
</book>
<book>
<ISBN>0440207665</ISBN>
<url>http://www.infibeam.com//Books/info/Peter-Dickinson/Eva/0440207665.html?utm_term=143528061x_1_1</url>
<Price>308</Price>
<ShippingDays>8-10 business days</ShippingDays>
</book>
<book>
<ISBN>023063611X</ISBN>
<url>http://www.infibeam.com//Books/info/iibf/principles-practices-banking-jaiib-examinations-2-e/9780230636118.html?utm_term=023063611x_1_1</url>
<Price>274</Price>
<ShippingDays>3-5 business days</ShippingDays>
</book>
<book>
<ISBN>813171683X</ISBN>
<url>http://www.infibeam.com//Books/info/philip-kotler/marketing-management-13-e-south-asian-perspective/9788131716830.html?utm_term=813171683x_1_1</url>
<Price>524</Price>
<ShippingDays>3 business days</ShippingDays>
</book>
<book>
<ISBN>818975792X</ISBN>
<url>http://www.infibeam.com//Books/info/j-b-gupta/question-bank-electrical-engineering/9788189757922.html?utm_term=818975792x_1_1</url>
<Price>396</Price>
<ShippingDays>3 business days</ShippingDays>
</book>
<book>
<ISBN>818845821X</ISBN>
<url>http://www.infibeam.com//Books/mechanical-engineering-objective-kumar-d-s/818845821X.html?utm_term=818845821x_1_1</url>
<Price>418</Price>
<ShippingDays>3 business days</ShippingDays>
</book>
<book>
<ISBN>160474569X</ISBN>
<url>http://www.infibeam.com//Books/info/W-Dale-Ogle/White-Summit-Pass/160474569X.html?utm_term=160474569x_1_1</url>
<Price>1,534</Price>
<ShippingDays>8-10 business days</ShippingDays>
</book>
<book>
<ISBN>1436384931</ISBN>
<url>http://www.infibeam.com//Books/info/gregory-j-jr-fernandez/false-flag/9781436384933.html?utm_term=143638494x_1_1</url>
<Price>1,094</Price>
<ShippingDays>8-10 business days</ShippingDays>
</book>
<book>
<ISBN>1409045498-BEEPB</ISBN>
<url>http://www.infibeam.com//eBooks/great-wall-john-man-epub-ebook-download/9781409045496-BEEPB.html?utm_term=055381768x_1_1</url>
<Price>648</Price>
<ShippingDays>Price</ShippingDays>
</book>
<book>
<ISBN>125900127X</ISBN>
<url>http://www.infibeam.com//Books/1000-plus-questions-indian-world-geography-dr-majid-husain/9781259001277.html?utm_term=125900127x_1_1</url>
<Price>125</Price>
<ShippingDays>from</ShippingDays>
</book>
<book>
<ISBN>1935883151-BEPDF</ISBN>
<url>http://www.infibeam.com//eBooks/if-aint-one-thing-its-another-sharron-doyle-ebook-download/9781935883159-BEPDF.html?utm_term=097594536x_1_1</url>
<Price>590</Price>
<ShippingDays>Edition</ShippingDays>
</book>
<book>
<ISBN>613262306X</ISBN>
<url>http://www.infibeam.com//Books/fatima-bhutto-frederic-p-miller/9786132623065.html?utm_term=613262306x_1_1</url>
<Price>3,215</Price>
<ShippingDays>8-10 business days</ShippingDays>
</book>
<book>
<ISBN>817671061X</ISBN>
<url>http://www.infibeam.com//Books/info/b-s-publications/handbook-environmental-laws-acts-guidelines-compliances-standards-2/9788176710619.html?utm_term=817671061x_1_1</url>
<Price>126</Price>
<ShippingDays>3-5 business days</ShippingDays>
</book>
<book>
<ISBN>140120841X</ISBN>
<url>http://www.infibeam.com//Books/info/Alan-Moore/V-for-Vendetta-New-Edition/140120841X.html?utm_term=140120841x_1_1</url>
<Price>564</Price>
<ShippingDays>3-5 business days</ShippingDays>
</book>
<book>
<ISBN>044020562X</ISBN>
<url>http://www.infibeam.com//Books/info/Richard-Bach/One/044020562X.html?utm_term=044020562x_1_1</url>
<Price>351</Price>
<ShippingDays>8-10 business days</ShippingDays>
</book>
<book>
<ISBN>014303104X</ISBN>
<url>http://www.infibeam.com//Books/info/Jawaharlal-Nehru/An-Autobiography-Jawaharlal-Nehru/014303104X.html?utm_term=014303104x_1_1</url>
<Price>280</Price>
<ShippingDays>Title:</ShippingDays>
</book>
<book>
<ISBN>055358135X</ISBN>
<url>http://www.infibeam.com//Books/info/David-L-Robbins/War-of-the-Rats/055358135X.html?utm_term=055358135x_1_1</url>
<Price>351</Price>
<ShippingDays>8-10 business days</ShippingDays>
</book>
<book>
<ISBN>818352012X</ISBN>
<url>http://www.infibeam.com//Books/beyond-love-default/9788183520126.html?utm_term=818352012x_1_1</url>
<Price>88</Price>
<ShippingDays>3 business days</ShippingDays>
</book>
<book>
<ISBN>184944000X</ISBN>
<url>http://www.infibeam.com//Books/info/beverley-m-raw/telling-tales/9781849440004.html?utm_term=184944000x_1_1</url>
<Price>709</Price>
<ShippingDays>15-18 business days</ShippingDays>
</book>
<book>
<ISBN>1400280338</ISBN>
<url>http://www.infibeam.com//Books/info/Charles-R-Swindoll/Great-Lives-Series-Joseph-A-Man-of/1400280338.html?utm_term=084991342x_1_1</url>
<Price>643</Price>
<ShippingDays>8-10 business days</ShippingDays>
</book>
<book>
<ISBN>812652667X</ISBN>
<url>http://www.infibeam.com//Books/microsoft-excel-2010-power-programming-with-vba-john-walkenback/9788126526673.html?utm_term=812652667x_1_1</url>
<Price>485</Price>
<ShippingDays>3 business days</ShippingDays>
</book>
<book>
<ISBN>142152581X</ISBN>
<url>http://www.infibeam.com//Books/info/Tsugumi-Ohba/Death-Note-Box-Set-Volumes-1-13/142152581X.html?utm_term=142152581x_1_1</url>
<Price>4,258</Price>
<ShippingDays>3 business days</ShippingDays>
</book>
<book>
<ISBN>0471779199-BEPDF</ISBN>
<url>http://www.infibeam.com//eBooks/hedgehogging-barton-biggs-pdf-ebook-download/9780471779193-BEPDF.html?utm_term=047006773x_1_1</url>
<Price>664</Price>
<ShippingDays>Price</ShippingDays>
</book>
<book>
<ISBN>818501566X</ISBN>
<url>http://www.infibeam.com//Books/info/t-m-apostol/mathematical-analysis/9788185015668.html?utm_term=818501566x_1_1</url>
<Price>245</Price>
<ShippingDays>3-5 business days</ShippingDays>
</book>
<book>
<ISBN>818501566X</ISBN>
<url>http://www.infibeam.com//Books/info/t-m-apostol/mathematical-analysis/9788185015668.html?utm_term=818501566x_1_2</url>
<Price>245</Price>
<ShippingDays>3-5 business days</ShippingDays>
</book>
<book>
<ISBN>1405224037</ISBN>
<url>http://www.infibeam.com//Books/info/enid-blyton/first-term-malory-towers/9781405224031.html?utm_term=140522858x_1_1</url>
<Price>352</Price>
<ShippingDays>15-18 business days</ShippingDays>
</book>
<book>
<ISBN>817434358X</ISBN>
<url>http://www.infibeam.com//Books/ha-tel-navacha-itihas-aahe-marathi-girish-kuber/9788174343581.html?utm_term=817434358x_1_1</url>
<Price>191</Price>
<ShippingDays>3-5 business days</ShippingDays>
</book>
<book>
<ISBN>145288983X</ISBN>
<url>http://www.infibeam.com//Books/info/dietrich-faust/happiness-shift/9781452889832.html?utm_term=145288983x_1_1</url>
<Price>927</Price>
<ShippingDays>8-10 business days</ShippingDays>
</book>
<book>
<ISBN>157322359X</ISBN>
<url>http://www.infibeam.com//Books/info/Kurt-Cobain/Kurt-Cobain-Journals/157322359X.html?utm_term=157322359x_1_1</url>
<Price>1,072</Price>
<ShippingDays>8-10 business days</ShippingDays>
</book>
<book>
<ISBN>818857578X</ISBN>
<url>http://www.infibeam.com//Books/info/s-iqbal/whom-may-concern-love-luck/9788188575787.html?utm_term=818857578x_1_1</url>
<Price>79</Price>
<ShippingDays>3 business days</ShippingDays>
</book>
<book>
<ISBN>159998430X</ISBN>
<url>http://www.infibeam.com//Books/info/Brenda-Williamson/A-Beautiful-Surrender/159998430X.html?utm_term=159998430x_1_1</url>
<Price>616</Price>
<ShippingDays>8-10 business days</ShippingDays>
</book>
<book>
<ISBN>014006768X</ISBN>
<url>http://www.infibeam.com//Books/info/John-Clifford-Mortimer/The-First-Rumpole-Omnibus-Rumpole-of-the/014006768X.html?utm_term=014006768x_1_1</url>
<Price>491</Price>
<ShippingDays>3-5 business days</ShippingDays>
</book>
<book>
<ISBN>818477799X</ISBN>
<url>http://www.infibeam.com//Books/forever-maggie-stiefvater/9788184777994.html?utm_term=818477799x_1_1</url>
<Price>227</Price>
<ShippingDays>3-5 business days</ShippingDays>
</book>
<book>
<ISBN>0143065971</ISBN>
<url>http://www.infibeam.com//Books/info/rama-bijapurkar/we-like-only-pb/9780143065975.html?utm_term=067099944x_1_1</url>
<Price>239</Price>
<ShippingDays>3-5 business days</ShippingDays>
</book>
<book>
<ISBN>193395244X</ISBN>
<url>http://www.infibeam.com//Books/info/n-k-guy/mastering-canon-eos-flash-photography/9781933952444.html?utm_term=193395244x_1_1</url>
<Price>1,977</Price>
<ShippingDays>8-10 business days</ShippingDays>
</book>
<book>
<ISBN>082541380X</ISBN>
<url>http://www.infibeam.com//Books/info/erwin-lutzer/cuando-le-han-ofendido-encuentre-el-camino-la/9780825413803.html?utm_term=082541380x_1_1</url>
<Price>370</Price>
<ShippingDays>8-10 business days</ShippingDays>
</book>
<book>
<ISBN>1446429334-BEEPB</ISBN>
<url>http://www.infibeam.com//eBooks/daughter-time-josephine-tey-epub-ebook-download/9781446429334-BEEPB.html?utm_term=009953682x_1_1</url>
<Price>521</Price>
<ShippingDays>Price</ShippingDays>
</book>
<book>
<ISBN>0312365713</ISBN>
<url>http://www.infibeam.com//Books/info/C-J-Box/Blue-Heaven/0312365713.html?utm_term=184887474x_1_1</url>
<Price>342</Price>
<ShippingDays>8-10 business days</ShippingDays>
</book>
<book>
<ISBN>184668031X</ISBN>
<url>http://www.infibeam.com//Books/info/tom-kelley/ten-faces-innovation/9781846680311.html?utm_term=184668031x_1_1</url>
<Price>198</Price>
<ShippingDays>from</ShippingDays>
</book>
<book>
<ISBN>068986843X</ISBN>
<url>http://www.infibeam.com//Books/info/Carolyn-Keene/The-Stolen-Relic/068986843X.html?utm_term=068986843x_1_1</url>
<Price>119</Price>
<ShippingDays>3 business days</ShippingDays>
</book>
<book>
<ISBN>184794079X</ISBN>
<url>http://www.infibeam.com//Books/start-up-you-reid-hoffman/9781847940797.html?utm_term=184794079x_1_1</url>
<Price>379</Price>
<ShippingDays>3 business days</ShippingDays>
</book>
<book>
<ISBN>184794079X</ISBN>
<url>http://www.infibeam.com//Books/start-up-you-reid-hoffman/9781847940797.html?utm_term=184794079x_1_2</url>
<Price>379</Price>
<ShippingDays>3 business days</ShippingDays>
</book>
<book>
<ISBN>142594132X</ISBN>
<url>http://www.infibeam.com//Books/info/donna-ketchbaw/savannah-s-choices/9781425941321.html?utm_term=142594132x_1_1</url>
<Price>1,312</Price>
<ShippingDays>8-10 business days</ShippingDays>
</book>
<book>
<ISBN>082478328X</ISBN>
<url>http://www.infibeam.com//Books/info/F-Price/Right-Every-Time-Using-the-Deming-Approach/082478328X.html?utm_term=082478328x_1_1</url>
<Price>4,394</Price>
<ShippingDays>3 business days</ShippingDays>
</book>
<book>
<ISBN>1420854348</ISBN>
<url>http://www.infibeam.com//Books/info/R-Frasier/Moments-in-Time/1420854348.html?utm_term=142085433x_1_1</url>
<Price>877</Price>
<ShippingDays>8-10 business days</ShippingDays>
</book>
<book>
<ISBN>0307277674</ISBN>
<url>http://www.infibeam.com//Books/info/Dan-Brown/The-Da-Vinci-Code/0307277674.html?utm_term=076792603x_1_1</url>
<Price>194</Price>
<ShippingDays>3 business days</ShippingDays>
</book>
<book>
<ISBN>033046406X</ISBN>
<url>http://www.infibeam.com//Books/info/jeffrey-archer/prisoner-birth/9780330464062.html?utm_term=033046406x_1_1</url>
<Price>244</Price>
<ShippingDays>3 business days</ShippingDays>
</book>
<book>
<ISBN>817234144X</ISBN>
<url>http://www.infibeam.com//Books/info/amarjeet-singh-batth/indian-garden-flowers/9788172341442.html?utm_term=817234144x_1_1</url>
<Price>476</Price>
<ShippingDays>3 business days</ShippingDays>
</book>
<book>
<ISBN>0751538946</ISBN>
<url>http://www.infibeam.com//Books/info/nicholas-sparks/walk-remember/9780751538946.html?utm_term=075154048x_1_1</url>
<Price>192</Price>
<ShippingDays>3 business days</ShippingDays>
</book>
<book>
<ISBN>0748115110-BEEPB</ISBN>
<url>http://www.infibeam.com//eBooks/city-veils-zoe-ferraris-ebook-download/9780748115112-BEEPB.html?utm_term=034912213x_1_1</url>
<Price>456</Price>
<ShippingDays>Price</ShippingDays>
</book>
<book>
<ISBN>193538337X</ISBN>
<url>http://www.infibeam.com//Books/info/benjamin-warren/ullswater-mystery/9781935383376.html?utm_term=193538337x_1_1</url>
<Price>416</Price>
<ShippingDays>8-10 business days</ShippingDays>
</book>
<book>
<ISBN>089141911X</ISBN>
<url>http://www.infibeam.com//Books/info/Tim-Pritchard/Ambush-Alley-The-Most-Extraordinary-Battle-of/089141911X.html?utm_term=089141911x_1_1</url>
<Price>342</Price>
<ShippingDays>8-10 business days</ShippingDays>
</book>
<book>
<ISBN>019562257X</ISBN>
<url>http://www.infibeam.com//Books/info/Jim-Corbett/The-Temple-Tiger-and-More-Man-Eaters/019562257X.html?utm_term=019562257x_1_1</url>
<Price>188</Price>
<ShippingDays>3 business days</ShippingDays>
</book>
<book>
<ISBN>098004488X</ISBN>
<url>http://www.infibeam.com//Books/info/pete-hunter/sonny-very-different-philadelphia-story/9780980044881.html?utm_term=098004488x_1_1</url>
<Price>599</Price>
<ShippingDays>8-10 business days</ShippingDays>
</book>
<book>
<ISBN>0552561568</ISBN>
<url>http://www.infibeam.com//Books/info/jacqueline-wilson/my-secret-diary/9780552561563.html?utm_term=038561442x_1_1</url>
<Price>245</Price>
<ShippingDays>3 business days</ShippingDays>
</book>
<book>
<ISBN>812192667X</ISBN>
<url>http://www.infibeam.com//Books/info/theraja/textbook-electrical-technology-vol-4-multi-colour/812192667X.html?utm_term=812192667x_1_1</url>
<Price>378</Price>
<ShippingDays>3 business days</ShippingDays>
</book>
<book>
<ISBN>193290705X</ISBN>
<url>http://www.infibeam.com//Books/info/Jennifer-Van-Sijll/Cinematic-Storytelling/193290705X.html?utm_term=193290705x_1_1</url>
<Price>1,058</Price>
<ShippingDays>15-18 business days</ShippingDays>
</book>
<book>
<ISBN>818996030X</ISBN>
<url>http://www.infibeam.com//Books/foyes-medicinal-chemistry-6-e-with-thepoint-access-lemke/9788189960308.html?utm_term=818996030x_1_1</url>
<Price>943</Price>
<ShippingDays>3-5 business days</ShippingDays>
</book>
<book>
<ISBN>819017228X</ISBN>
<url>http://www.infibeam.com//Books/info/Vinod-Verma-Dr/Ayurveda-for-Inner-Harmony-Nutrition-Sexual-Energy/819017228X.html?utm_term=819017228x_1_1</url>
<Price>1,396</Price>
<ShippingDays>8-10 business days</ShippingDays>
</book>
<book>
<ISBN>818408157X</ISBN>
<url>http://www.infibeam.com//Books/info/edwards/worlds-greatest-quotations-paperback/9788184081572.html?utm_term=818408157x_1_1</url>
<Price>304</Price>
<ShippingDays>3 business days</ShippingDays>
</book>
<book>
<ISBN>142088963X</ISBN>
<url>http://www.infibeam.com//Books/info/Terence-M-Blackett/Husbands-Love-Your-Wives-Wives-Be-Good/142088963X.html?utm_term=142088963x_1_1</url>
<Price>791</Price>
<ShippingDays>8-10 business days</ShippingDays>
</book>
<book>
<ISBN>160154216X</ISBN>
<url>http://www.infibeam.com//Books/info/Margaret-Tanner/Holly-and-the-Millionaire/160154216X.html?utm_term=160154216x_1_1</url>
<Price>614</Price>
<ShippingDays>8-10 business days</ShippingDays>
</book>
<book>
<ISBN>185273101X</ISBN>
<url>http://www.infibeam.com//Books/essential-inheritance-london-contemporary-dance-theatre-dance/9781852731014.html?utm_term=185273101x_1_1</url>
<Price>2,681</Price>
<ShippingDays>8-10 business days</ShippingDays>
</book>
<book>
<ISBN>143637670X</ISBN>
<url>http://www.infibeam.com//Books/info/p-t-izyk/key-maker/9781436376709.html?utm_term=143637670x_1_1</url>
<Price>1,094</Price>
<ShippingDays>8-10 business days</ShippingDays>
</book>
<book>
<ISBN>812230902X</ISBN>
<url>http://www.infibeam.com//Books/info/prem-p-bhalla/hindu-rites-rituals-customs-traditions/9788122309027.html?utm_term=812230902x_1_1</url>
<Price>205</Price>
<ShippingDays>3 business days</ShippingDays>
</book>
<book>
<ISBN>0765345455</ISBN>
<url>http://www.infibeam.com//Books/info/Robert-Jordan/New-Spring-The-Novel/0765345455.html?utm_term=076532380x_1_1</url>
<Price>342</Price>
<ShippingDays>8-10 business days</ShippingDays>
</book>
<book>
<ISBN>143271158X</ISBN>
<url>http://www.infibeam.com//Books/info/william-watters/king-diamonds-magical-life-darin-diamond/9781432711580.html?utm_term=143271158x_1_1</url>
<Price>784</Price>
<ShippingDays>8-10 business days</ShippingDays>
</book>
<book>
<ISBN>142599119X</ISBN>
<url>http://www.infibeam.com//Books/info/Lavone-Samuel/Tunnel-Vision-My-Back-Is-My-Past/142599119X.html?utm_term=142599119x_1_1</url>
<Price>880</Price>
<ShippingDays>8-10 business days</ShippingDays>
</book>
<book>
<ISBN>817437051X</ISBN>
<url>http://www.infibeam.com//Books/info/biraj-bose/golden-india-india/9788174370518.html?utm_term=817437051x_1_1</url>
<Price>241</Price>
<ShippingDays>3 business days</ShippingDays>
</book>
<book>
<ISBN>042522757X</ISBN>
<url>http://www.infibeam.com//Books/info/harry-reid/good-fight-hard-lessons-searchlight-washington/9780425227572.html?utm_term=039915499x_1_1</url>
<Price>704</Price>
<ShippingDays>8-10 business days</ShippingDays>
</book>
<book>
<ISBN>019807008X</ISBN>
<url>http://www.infibeam.com//Books/indian-cinema-faces-behind-masks-anil-saari/9780198070085.html?utm_term=019807008x_1_1</url>
<Price>406</Price>
<ShippingDays>3 business days</ShippingDays>
</book>
<book>
<ISBN>086547480X</ISBN>
<url>http://www.infibeam.com//Books/info/Edouard-De-Pomaine/French-Cooking-in-Ten-Minutes-Adapting-to/086547480X.html?utm_term=086547480x_1_1</url>
<Price>528</Price>
<ShippingDays>8-10 business days</ShippingDays>
</book>
<book>
<ISBN>009946604X</ISBN>
<url>http://www.infibeam.com//Books/info/gunter-grass/tin-drum/9780099466048.html?utm_term=009946604x_1_1</url>
<Price>399</Price>
<ShippingDays>3 business days</ShippingDays>
</book>
<book>
<ISBN>045120915X</ISBN>
<url>http://www.infibeam.com//Books/info/Barry-Eisler/Rain-Fall/045120915X.html?utm_term=014101010x_1_1</url>
<Price>351</Price>
<ShippingDays>8-10 business days</ShippingDays>
</book>
<book>
<ISBN>817109676X</ISBN>
<url>http://www.infibeam.com//Books/praying-father-st-pauls-publications/9788171096763.html?utm_term=817109676x_1_1</url>
<Price>45</Price>
<ShippingDays>3-5 business days</ShippingDays>
</book>
<book>
<ISBN>0330507575</ISBN>
<url>http://www.infibeam.com//Books/missing-julia-catherine-dunne/9780330507578.html?utm_term=023074236x_1_1</url>
<Price>244</Price>
<ShippingDays>3 business days</ShippingDays>
</book>
<book>
<ISBN>031601186X</ISBN>
<url>http://www.infibeam.com//Books/info/Cecily-Von-Ziegesar/Notorious-An-It-Girl-Novel/031601186X.html?utm_term=031601186x_1_1</url>
<Price>439</Price>
<ShippingDays>8-10 business days</ShippingDays>
</book>
<book>
<ISBN>818143238X</ISBN>
<url>http://www.infibeam.com//Books/kufra-hindi-tahamina-durrani/818143238X.html?utm_term=818143238x_1_1</url>
<Price>205</Price>
<ShippingDays>Title:</ShippingDays>
</book>
<book>
<ISBN>819019111X</ISBN>
<url>http://www.infibeam.com//Books/puppets-faith-murthy/819019111X.html?utm_term=819019111x_1_1</url>
<Price>134</Price>
<ShippingDays>Title:</ShippingDays>
</book>
<book>
<ISBN>095480922X</ISBN>
<url>http://www.infibeam.com//Books/info/suzy-johnston/snow-globe-journals/9780954809225.html?utm_term=095480922x_1_1</url>
<Price>782</Price>
<ShippingDays>8-10 business days</ShippingDays>
</book>
<book>
<ISBN>007015385X</ISBN>
<url>http://www.infibeam.com//Books/engineering-circuit-analysis-7-e-sie-pb-william-h-jr-hayt/9780070153851.html?utm_term=007015385x_1_1</url>
<Price>384</Price>
<ShippingDays>3-5 business days</ShippingDays>
</book>
<book>
<ISBN>073600226X</ISBN>
<url>http://www.infibeam.com//Books/info/Jan-P-Piek/Infant-Motor-Development/073600226X.html?utm_term=073600226x_1_1</url>
<Price>4,694</Price>
<ShippingDays>8-10 business days</ShippingDays>
</book>
<book>
<ISBN>023053709X</ISBN>
<url>http://www.infibeam.com//Books/info/Bastiaan-Van-Apeldoorn/Neoliberal-European-Governance-and-Beyond/023053709X.html?utm_term=023053709x_1_1</url>
<Price>6,430</Price>
<ShippingDays>8-10 business days</ShippingDays>
</book>
<book>
<ISBN>009952399X</ISBN>
<url>http://www.infibeam.com//Books/info/marjane-satrapi/persepolis-i-ii/9780099523994.html?utm_term=009952399x_1_1</url>
<Price>225</Price>
<ShippingDays>from</ShippingDays>
</book>
<book>
<ISBN>142598259X</ISBN>
<url>http://www.infibeam.com//Books/info/Andrea-Howard/Feeling-Scorned/142598259X.html?utm_term=142598259x_1_1</url>
<Price>909</Price>
<ShippingDays>8-10 business days</ShippingDays>
</book>
<book>
<ISBN>1612680011</ISBN>
<url>http://www.infibeam.com//Books/rich-dad-poor-dad-what-rich-teach-their-robert-t-kiyosaki/9781612680019.html?utm_term=044656740x_1_1</url>
<Price>236</Price>
<ShippingDays>3 business days</ShippingDays>
</book>
<book>
<ISBN>818129193X</ISBN>
<url>http://www.infibeam.com//Books/kitane-baras-aur-hindi-veera-chaturvedi/9788181291936.html?utm_term=818129193x_1_1</url>
<Price>123</Price>
<ShippingDays>Title:</ShippingDays>
</book>
<book>
<ISBN>061525246X</ISBN>
<url>http://www.infibeam.com//Books/info/angyl-nihthasu/pale-shadows-autobiographical-novel/9780615252469.html?utm_term=061525246x_1_1</url>
<Price>1,170</Price>
<ShippingDays>8-10 business days</ShippingDays>
</book>
<book>
<ISBN>8131808054</ISBN>
<url>http://www.infibeam.com//Books/theory-machines-dr-j-s-brar/9788131808054.html?utm_term=813180805x_1_1</url>
<Price>540</Price>
<ShippingDays>3 business days</ShippingDays>
</book>
<book>
<ISBN>8190720058-BEPDF</ISBN>
<url>http://www.infibeam.com//eBooks/neon-nagaram-tamil-shammeer-pdf-ebook-download/9788190720052-BEPDF.html?utm_term=8190720058_1_1</url>
<Price>76</Price>
<ShippingDays>Publisher:</ShippingDays>
</book>
<book>
<ISBN>812911092X</ISBN>
<url>http://www.infibeam.com//Books/info/girish-n-mehra/nearer-heaven-than-earth/9788129110923.html?utm_term=812911092x_1_1</url>
<Price>796</Price>
<ShippingDays>3 business days</ShippingDays>
</book>
<book>
<ISBN>187979473X</ISBN>
<url>http://www.infibeam.com//Books/archie-alex-simmons/9781879794733.html?utm_term=187979473x_1_1</url>
<Price>438</Price>
<ShippingDays>8-10 business days</ShippingDays>
</book>
<book>
<ISBN>014103839X</ISBN>
<url>http://www.infibeam.com//Books/info/truman-capote/cold-blood-popular-penguins/9780141038391.html?utm_term=014103839x_1_1</url>
<Price>100</Price>
<ShippingDays>from</ShippingDays>
</book>
<book>
<ISBN>0099525097</ISBN>
<url>http://www.infibeam.com//Books/journey-tony-blair/9780099525097.html?utm_term=009192555x_1_1</url>
<Price>250</Price>
<ShippingDays>from</ShippingDays>
</book>
<book>
<ISBN>818333217X</ISBN>
<url>http://www.infibeam.com//Books/info/koirala/c-asp-net-projects/818333217X.html?utm_term=818333217x_1_1</url>
<Price>185</Price>
<ShippingDays>Title:</ShippingDays>
</book>
<book>
<ISBN>143271872X</ISBN>
<url>http://www.infibeam.com//Books/info/Dot-Frey/Spirit-s-Hollow/143271872X.html?utm_term=143271872x_1_1</url>
<Price>704</Price>
<ShippingDays>8-10 business days</ShippingDays>
</book>
<book>
<ISBN>818090072X</ISBN>
<url>http://www.infibeam.com//Books/fort-daulatabad-dulari-qureshi/9788180900723.html?utm_term=818090072x_1_1</url>
<Price>1,230</Price>
<ShippingDays>3-5 business days</ShippingDays>
</book>
<book>
<ISBN>068985658X</ISBN>
<url>http://www.infibeam.com//Books/info/Karen-Katz/Counting-Kisses-A-Kiss-Read-Book/068985658X.html?utm_term=068985658x_1_1</url>
<Price>342</Price>
<ShippingDays>8-10 business days</ShippingDays>
</book>
<book>
<ISBN>155778745X</ISBN>
<url>http://www.infibeam.com//Books/info/Gopi-Krishna/Kundalini-Empowering-Human-Evolution/155778745X.html?utm_term=155778745x_1_1</url>
<Price>672</Price>
<ShippingDays>8-10 business days</ShippingDays>
</book>
<book>
<ISBN>812650885X</ISBN>
<url>http://www.infibeam.com//Books/info/SILBERSCHATZ/Operating-System-Concepts/9788126508853.html?utm_term=812650885x_1_1</url>
<Price>414</Price>
<ShippingDays>3-5 business days</ShippingDays>
</book>
<book>
<ISBN>140548800X</ISBN>
<url>http://www.infibeam.com//Books/info/corinne-clark/concise-guide-horses-ponies/9781405488006.html?utm_term=140548800x_1_1</url>
<Price>200</Price>
<ShippingDays>3 business days</ShippingDays>
</book>
<book>
<ISBN>160672357X</ISBN>
<url>http://www.infibeam.com//Books/info/b-r-stateham/murderous-passions/9781606723579.html?utm_term=160672357x_1_1</url>
<Price>1,534</Price>
<ShippingDays>8-10 business days</ShippingDays>
</book>
<book>
<ISBN>013610066X</ISBN>
<url>http://www.infibeam.com//Books/info/efraim-turban/business-intelligence/9780136100669.html?utm_term=013610066x_1_1</url>
<Price>4,351</Price>
<ShippingDays>8-10 business days</ShippingDays>
</book>
<book>
<ISBN>817656964X</ISBN>
<url>http://www.infibeam.com//Books/sql-pl-sql-programming-language-oracle-paperback-ivan-bayross/9788176569644.html?utm_term=817656964x_1_1</url>
<Price>227</Price>
<ShippingDays>Title:</ShippingDays>
</book>
<book>
<ISBN>817656964X</ISBN>
<url>http://www.infibeam.com//Books/info/bayross/sql-pl-sql-prog-language-oracle-3rd-rev/817656964X.html?utm_term=817656964x_1_2</url>
<Price>227</Price>
<ShippingDays>Title:</ShippingDays>
</book>
<book>
<ISBN>024051503X</ISBN>
<url>http://www.infibeam.com//Books/info/Peter-Jarvis/The-Essential-TV-Director-s-Handbook/024051503X.html?utm_term=024051503x_1_1</url>
<Price>3,554</Price>
<ShippingDays>8-10 business days</ShippingDays>
</book>
<book>
<ISBN>009950278X</ISBN>
<url>http://www.infibeam.com//Books/info/panos-karnezis/birthday-party/9780099502784.html?utm_term=009950278x_1_1</url>
<Price>564</Price>
<ShippingDays>15-18 business days</ShippingDays>
</book>
<book>
<ISBN>1604816317</ISBN>
<url>http://www.infibeam.com//Books/info/orlando-santiago-jr/rogue-accord-pride-before-fall/9781604816310.html?utm_term=160481649x_1_1</url>
<Price>762</Price>
<ShippingDays>8-10 business days</ShippingDays>
</book>
<book>
<ISBN>818400107X</ISBN>
<url>http://www.infibeam.com//Books/info/daniyal-mueenuddin-isbn-x/other-room-other-wonders-pb/9788184001075.html?utm_term=818400107x_1_1</url>
<Price>239</Price>
<ShippingDays>3 business days</ShippingDays>
</book>
<book>
<ISBN>048624346X</ISBN>
<url>http://www.infibeam.com//Books/info/Franco-Deboni/Authentic-Art-Deco-Jewelry-Designs/048624346X.html?utm_term=048624346x_1_1</url>
<Price>570</Price>
<ShippingDays>8-10 business days</ShippingDays>
</book>
<book>
<ISBN>143807204X</ISBN>
<url>http://www.infibeam.com//Books/barrons-new-gre-flash-cards-green-sharon-weiner-wolf/9781438072043.html?utm_term=143807204x_1_1</url>
<Price>814</Price>
<ShippingDays>8-10 business days</ShippingDays>
</book>
<book>
<ISBN>812671610X</ISBN>
<url>http://www.infibeam.com//Books/info/prabhash-joshi/khel-sirf-khel-nahi-hai-hardcover/9788126716104.html?utm_term=812671610x_1_1</url>
<Price>356</Price>
<ShippingDays>3 business days</ShippingDays>
</book>
<book>
<ISBN>818495302X</ISBN>
<url>http://www.infibeam.com//Books/orange-hangover-rahul-saini/9788184953022.html?utm_term=818495302x_1_1</url>
<Price>63</Price>
<ShippingDays>from</ShippingDays>
</book>
<book>
<ISBN>143031429X</ISBN>
<url>http://www.infibeam.com//Books/info/Wayne-Kauppila/Opening-the-Door-to-Freedom-with-Forgiveness/143031429X.html?utm_term=143031429x_1_1</url>
<Price>733</Price>
<ShippingDays>8-10 business days</ShippingDays>
</book>
<book>
<ISBN>813151577X</ISBN>
<url>http://www.infibeam.com//Books/general-knowledge-manual-2012-pb-cengage/9788131515778.html?utm_term=813151577x_1_1</url>
<Price>263</Price>
<ShippingDays>Publisher:</ShippingDays>
</book>
<book>
<ISBN>160407440X</ISBN>
<url>http://www.infibeam.com//Books/power-prana-stephen-co/9781604074406.html?utm_term=160407440x_1_1</url>
<Price>702</Price>
<ShippingDays>8-10 business days</ShippingDays>
</book>
<book>
<ISBN>081740001X</ISBN>
<url>http://www.infibeam.com//Books/info/dane-sanders/fast-track-photographer-revised-expanded-discover-your-unique/9780817400019.html?utm_term=081740001x_1_1</url>
<Price>747</Price>
<ShippingDays>8-10 business days</ShippingDays>
</book>
<book>
<ISBN>081740001X</ISBN>
<url>http://www.infibeam.com//Books/info/dane-sanders/fast-track-photographer-revised-expanded-discover-your-unique/9780817400019.html?utm_term=081740001x_1_2</url>
<Price>747</Price>
<ShippingDays>8-10 business days</ShippingDays>
</book>
<book>
<ISBN>1438982917</ISBN>
<url>http://www.infibeam.com//Books/info/tony-esposito/don-t-ever-leave-country/9781438982915.html?utm_term=144150558x_1_1</url>
<Price>877</Price>
<ShippingDays>8-10 business days</ShippingDays>
</book>
<book>
<ISBN>8190453017</ISBN>
<url>http://www.infibeam.com//Books/info/rashmi-bansal/stay-hungry-stay-foolish/9788190453011.html?utm_term=819107303x_1_1</url>
<Price>88</Price>
<ShippingDays>3 business days</ShippingDays>
</book>
<book>
<ISBN>144015502X</ISBN>
<url>http://www.infibeam.com//Books/info/claudia-broome/tail-rugby-jones-rascal-s-journey-disability-ability/9781440155024.html?utm_term=144015502x_1_1</url>
<Price>570</Price>
<ShippingDays>8-10 business days</ShippingDays>
</book>
<book>
<ISBN>054510369X</ISBN>
<url>http://www.infibeam.com//Books/info/geronimo-stilton/karate-mouse/9780545103695.html?utm_term=054510369x_1_1</url>
<Price>158</Price>
<ShippingDays>3 business days</ShippingDays>
</book>
<book>
<ISBN>000739764X-BEEPB</ISBN>
<url>http://www.infibeam.com//eBooks/life-richard-fortey-ebook-download/9780007397648-BEEPB.html?utm_term=000638420x_1_1</url>
<Price>554</Price>
<ShippingDays>Price</ShippingDays>
</book>
<book>
<ISBN>031602712X</ISBN>
<url>http://www.infibeam.com//Books/info/billy-carton/devouring/9780316027120.html?utm_term=031602712x_1_1</url>
<Price>351</Price>
<ShippingDays>8-10 business days</ShippingDays>
</book>
<book>
<ISBN>078685197X</ISBN>
<url>http://www.infibeam.com//Books/info/Ned-Vizzini/It-s-Kind-of-a-Funny-Story/078685197X.html?utm_term=078685197x_1_1</url>
<Price>428</Price>
<ShippingDays>8-10 business days</ShippingDays>
</book>
<book>
<ISBN>007064778X</ISBN>
<url>http://www.infibeam.com//Books/info/kleppner/introduction-mechanics-special-indian-edition/9780070647787.html?utm_term=007064778x_1_1</url>
<Price>316</Price>
<ShippingDays>3 business days</ShippingDays>
</book>
<book>
<ISBN>006084616X</ISBN>
<url>http://www.infibeam.com//Books/info/Mark-Crilley/Spring/006084616X.html?utm_term=006084616x_1_1</url>
<Price>385</Price>
<ShippingDays>8-10 business days</ShippingDays>
</book>
<book>
<ISBN>1444717057-BEEPB</ISBN>
<url>http://www.infibeam.com//eBooks/journey-soul-brenda-davies-epub-ebook-download/9781444717051-BEEPB.html?utm_term=034073390x_1_1</url>
<Price>569</Price>
<ShippingDays>Price</ShippingDays>
</book>
<book>
<ISBN>142088297X</ISBN>
<url>http://www.infibeam.com//Books/info/odessa-rollins/don-t-abort-seed/9781420882971.html?utm_term=142088297x_1_1</url>
<Price>578</Price>
<ShippingDays>8-10 business days</ShippingDays>
</book>
<book>
<ISBN>0007285353-BEEPB</ISBN>
<url>http://www.infibeam.com//eBooks/lords-bow-conn-iggulden-epub-ebook-download/9780007285358-BEEPB.html?utm_term=000735326x_1_1</url>
<Price>448</Price>
<ShippingDays>Price</ShippingDays>
</book>
<book>
<ISBN>185168901X</ISBN>
<url>http://www.infibeam.com//Books/growing-up-bin-laden-osamas-wife-son-take-jean-sasson/9781851689019.html?utm_term=185168901x_1_1</url>
<Price>279</Price>
<ShippingDays>3-5 business days</ShippingDays>
</book>
<book>
<ISBN>1416934820</ISBN>
<url>http://www.infibeam.com//Books/info/Frances-O-Roark-Dowell/Chicken-Boy/1416934820.html?utm_term=143520154x_1_1</url>
<Price>264</Price>
<ShippingDays>8-10 business days</ShippingDays>
</book>
<book>
<ISBN>818598624X</ISBN>
<url>http://www.infibeam.com//Books/my-days-autobiography-r-k-narayan/9788185986241.html?utm_term=818598624x_1_1</url>
<Price>154</Price>
<ShippingDays>3 business days</ShippingDays>
</book>
<book>
<ISBN>080214473X</ISBN>
<url>http://www.infibeam.com//Books/info/mark-bowden/black-hawk-down-story-modern-war/9780802144737.html?utm_term=080214473x_1_1</url>
<Price>684</Price>
<ShippingDays>8-10 business days</ShippingDays>
</book>
<book>
<ISBN>144049407X</ISBN>
<url>http://www.infibeam.com//Books/info/createspace/heart-justice/9781440494079.html?utm_term=144049407x_1_1</url>
<Price>708</Price>
<ShippingDays>8-10 business days</ShippingDays>
</book>
<book>
<ISBN>055321392X</ISBN>
<url>http://www.infibeam.com//Books/info/W-Somerset-Maugham/Of-Human-Bondage/055321392X.html?utm_term=055321392x_1_1</url>
<Price>141</Price>
<ShippingDays>3-5 business days</ShippingDays>
</book>
<book>
<ISBN>009917331X</ISBN>
<url>http://www.infibeam.com//Books/surely-youre-joking-mr-feynman-paperback-richard-p-feynman/9780099173311.html?utm_term=009917331x_1_1</url>
<Price>338</Price>
<ShippingDays>2-3 business days</ShippingDays>
</book>
<book>
<ISBN>009917331X</ISBN>
<url>http://www.infibeam.com//Books/info/ralph-leighton/surely-you-re-joking-mr-feynman-adventures-curious/9780099173311.html?utm_term=009917331x_1_2</url>
<Price>338</Price>
<ShippingDays>2-3 business days</ShippingDays>
</book>
<book>
<ISBN>009917331X</ISBN>
<url>http://www.infibeam.com//Books/info/ralph-leighton/surely-you-re-joking-mr-feynman-adventures-curious/9780099173311.html?utm_term=009917331x_1_3</url>
<Price>338</Price>
<ShippingDays>2-3 business days</ShippingDays>
</book>
<book>
<ISBN>818845852X</ISBN>
<url>http://www.infibeam.com//Books/info/gupta-jb/course-power-system/818845852X.html?utm_term=818845852x_1_1</url>
<Price>423</Price>
<ShippingDays>3-5 business days</ShippingDays>
</book>
<book>
<ISBN>1569318867</ISBN>
<url>http://www.infibeam.com//Books/info/Rumiko-Takahashi/Inuyasha-Volume-14/1569318867.html?utm_term=142151978x_1_1</url>
<Price>394</Price>
<ShippingDays>8-10 business days</ShippingDays>
</book>
<book>
<ISBN>8182473357-BEPDF</ISBN>
<url>http://www.infibeam.com//eBooks/unspoken-thoughts-akansha-chaudhary-pdf-ebook-download/9788182473355-BEPDF.html?utm_term=8173175144_1_1</url>
<Price>905</Price>
<ShippingDays>Adobe PDF eBook Rights:</ShippingDays>
</book>
<book>
<ISBN>0439846838</ISBN>
<url>http://www.infibeam.com//Books/info/kazu-kibuishi/stonekeeper-s-curse/9780439846837.html?utm_term=043984682x_1_1</url>
<Price>557</Price>
<ShippingDays>8-10 business days</ShippingDays>
</book>
<book>
<ISBN>0143068571</ISBN>
<url>http://www.infibeam.com//Books/info/n-r-narayana-murthy/better-india-better-world/9780143068570.html?utm_term=067008283x_1_1</url>
<Price>236</Price>
<ShippingDays>3 business days</ShippingDays>
</book>
<book>
<ISBN>047028661X</ISBN>
<url>http://www.infibeam.com//Books/info/betty-crocker/betty-crocker-baking-basics-recipes-tips-bake-with/9780470286616.html?utm_term=047028661x_1_1</url>
<Price>1,270</Price>
<ShippingDays>15-18 business days</ShippingDays>
</book>
<book>
<ISBN>1781164053</ISBN>
<url>http://www.infibeam.com//Books/jack-kirbys-fourth-world-omnibus-jack-kirby/9781781164051.html?utm_term=140121357x_1_1</url>
<Price>1,623</Price>
<ShippingDays>Price</ShippingDays>
</book>
<book>
<ISBN>144014298X</ISBN>
<url>http://www.infibeam.com//Books/info/edward-lyons/stagnant-civilization-exercise-hermeneutics/9781440142987.html?utm_term=144014298x_1_1</url>
<Price>760</Price>
<ShippingDays>8-10 business days</ShippingDays>
</book>
<book>
<ISBN>184595159X</ISBN>
<url>http://www.infibeam.com//Books/annapurna-paperback-maurice-herzog/9781845951597.html?utm_term=184595159x_1_1</url>
<Price>200</Price>
<ShippingDays>3 business days</ShippingDays>
</book>
<book>
<ISBN>140633698X</ISBN>
<url>http://www.infibeam.com//Books/scorpia-rising-anthony-horowitz/9781406336986.html?utm_term=140633698x_1_1</url>
<Price>219</Price>
<ShippingDays>3-5 business days</ShippingDays>
</book>
<book>
<ISBN>817008492X</ISBN>
<url>http://www.infibeam.com//Books/info/Philippe-Mathon/MCSE-Windows-2000-Server/817008492X.html?utm_term=817008492x_1_1</url>
<Price>321</Price>
<ShippingDays>Contents:</ShippingDays>
</book>
<book>
<ISBN>818990681X</ISBN>
<url>http://www.infibeam.com//Books/info/rajiv-vijayakar/history-indian-film-music/9788189906818.html?utm_term=818990681x_1_1</url>
<Price>273</Price>
<ShippingDays>3 business days</ShippingDays>
</book>
<book>
<ISBN>033043313X</ISBN>
<url>http://www.infibeam.com//Books/info/alexander-frater/chasing-monsoon-modern-pilgrimage-through-india/9780330433136.html?utm_term=033043313x_1_1</url>
<Price>193</Price>
<ShippingDays>3 business days</ShippingDays>
</book>
<book>
<ISBN>044808905X</ISBN>
<url>http://www.infibeam.com//Books/info/Franklin-W-Dixon/Hunting-for-Hidden-Gold/044808905X.html?utm_term=044808905x_1_1</url>
<Price>178</Price>
<ShippingDays>3 business days</ShippingDays>
</book>
<book>
<ISBN>000738601X-BEEPB</ISBN>
<url>http://www.infibeam.com//eBooks/amazing-story-adolphus-tips-michael-morpurgo-ebook-download/9780007386017-BEEPB.html?utm_term=043979661x_1_1</url>
<Price>340</Price>
<ShippingDays>Price</ShippingDays>
</book>
<book>
<ISBN>9380658338</ISBN>
<url>http://www.infibeam.com//Books/women-weight-loss-tamasha-rujuta-diwekar/9789380658339.html?utm_term=819202458x_1_1</url>
<Price>130</Price>
<ShippingDays>3-5 business days</ShippingDays>
</book>
<book>
<ISBN>023033119X</ISBN>
<url>http://www.infibeam.com//Books/you-can-win-special-edition-with-vcd-2-shiv-khera/9780230331198.html?utm_term=023033122x_1_1</url>
<Price>183</Price>
<ShippingDays>from</ShippingDays>
</book>
<book>
<ISBN>812670540X</ISBN>
<url>http://www.infibeam.com//Books/info/bhishma-sahni/hanoosh-hardcover-hindi/9788126705405.html?utm_term=812670540x_1_1</url>
<Price>158</Price>
<ShippingDays>3 business days</ShippingDays>
</book>
<book>
<ISBN>047047825X</ISBN>
<url>http://www.infibeam.com//Books/info/bill-bartmann/bailout-riches-everyday-investors-can-make-fortune-buying/9780470478257.html?utm_term=047047825x_1_1</url>
<Price>1,616</Price>
<ShippingDays>8-10 business days</ShippingDays>
</book>
<book>
<ISBN>184149514X</ISBN>
<url>http://www.infibeam.com//Books/hammer-k-j-parker/9781841495149.html?utm_term=184149514x_1_1</url>
<Price>635</Price>
<ShippingDays>15-18 business days</ShippingDays>
</book>
<book>
<ISBN>0748113908-BEEPB</ISBN>
<url>http://www.infibeam.com//eBooks/hammer-k-j-parker-epub-ebook-download/9780748113903-BEEPB.html?utm_term=184149514x_1_2</url>
<Price>569</Price>
<ShippingDays>Price</ShippingDays>
</book>
<book>
<ISBN>1416550038</ISBN>
<url>http://www.infibeam.com//Books/info/Richard-Paul-Evans/Untitled-Book-2/1416550038.html?utm_term=160285310x_1_1</url>
<Price>878</Price>
<ShippingDays>8-10 business days</ShippingDays>
</book>
<book>
<ISBN>160481358X</ISBN>
<url>http://www.infibeam.com//Books/info/eugene-gene-oody-t-eugene-gene-oody/z-with-psalms-proverbs-weekly-devotional-guidebook-scripture/9781604813586.html?utm_term=160481358x_1_1</url>
<Price>582</Price>
<ShippingDays>8-10 business days</ShippingDays>
</book>
<book>
<ISBN>813171635X</ISBN>
<url>http://www.infibeam.com//Books/info/levine/statistics-six-sigma-green-belts/9788131716359.html?utm_term=813171635x_1_1</url>
<Price>213</Price>
<ShippingDays>Publisher:</ShippingDays>
</book>
<book>
<ISBN>1845202538</ISBN>
<url>http://www.infibeam.com//Books/info/Moya-Kneafsey/Reconnecting-Consumers-Producers-and-Food-Exploring-Alternatives/1845202538.html?utm_term=184520252x_1_1</url>
<Price>1,894</Price>
<ShippingDays>15-18 business days</ShippingDays>
</book>
<book>
<ISBN>006097625X</ISBN>
<url>http://www.infibeam.com//Books/info/Scott-McCloud/Understanding-Comics-The-Invisible-Art/006097625X.html?utm_term=006097625x_1_1</url>
<Price>985</Price>
<ShippingDays>8-10 business days</ShippingDays>
</book>
<book>
<ISBN>055216125X</ISBN>
<url>http://www.infibeam.com//Books/info/dan-brown/digital-fortress/9780552161251.html?utm_term=055216125x_1_1</url>
<Price>263</Price>
<ShippingDays>3 business days</ShippingDays>
</book>
<book>
<ISBN>0143417886</ISBN>
<url>http://www.infibeam.com//Books/god-small-things-arundhati-roy/9780143417880.html?utm_term=014302857x_1_1</url>
<Price>198</Price>
<ShippingDays>3 business days</ShippingDays>
</book>
<book>
<ISBN>067102535X</ISBN>
<url>http://www.infibeam.com//Books/info/Ann-Rule/Last-Dance-Last-Chance/067102535X.html?utm_term=067102535x_1_1</url>
<Price>342</Price>
<ShippingDays>8-10 business days</ShippingDays>
</book>
<book>
<ISBN>9350330776</ISBN>
<url>http://www.infibeam.com//Books/walden-maple-press/9789350330777.html?utm_term=8188951455_1_1</url>
<Price>106</Price>
<ShippingDays>3-5 business days</ShippingDays>
</book>
<book>
<ISBN>8171674453</ISBN>
<url>http://www.infibeam.com//Books/info/George-Eliot/ADAM-BEDE/8171674453.html?utm_term=140651800x_1_1</url>
<Price>73</Price>
<ShippingDays>3 business days</ShippingDays>
</book>
<book>
<ISBN>087814787X</ISBN>
<url>http://www.infibeam.com//Books/info/William-P-Sanders/Turbine-Steam-Path-Maintenance-and-Repair/087814787X.html?utm_term=087814787x_1_1</url>
<Price>2,510</Price>
<ShippingDays>from</ShippingDays>
</book>
<book>
<ISBN>039370646X</ISBN>
<url>http://www.infibeam.com//Books/info/suzette-boon/coping-with-trauma-related-dissociation-skills-training-patients/9780393706468.html?utm_term=039370646x_1_1</url>
<Price>1,915</Price>
<ShippingDays>8-10 business days</ShippingDays>
</book>
<book>
<ISBN>034089461X</ISBN>
<url>http://www.infibeam.com//Books/info/enid-blyton/famous-five-8-five-get-into-trouble/9780340894613.html?utm_term=034089461x_1_1</url>
<Price>63</Price>
<ShippingDays>from</ShippingDays>
</book>
<book>
<ISBN>817758541X</ISBN>
<url>http://www.infibeam.com//Books/info/finar/organic-chemistry-vol-2-5-e/9788177585414.html?utm_term=817758541x_1_1</url>
<Price>566</Price>
<ShippingDays>3 business days</ShippingDays>
</book>
<book>
<ISBN>0345523628</ISBN>
<url>http://www.infibeam.com//Books/all-bitter-sweet-memoir-ashley-judd/9780345523624.html?utm_term=034552361x_1_1</url>
<Price>686</Price>
<ShippingDays>8-10 business days</ShippingDays>
</book>
<book>
<ISBN>055357339X</ISBN>
<url>http://www.infibeam.com//Books/info/Robin-Hobb/Assassin-s-Apprentice/055357339X.html?utm_term=055357339x_1_1</url>
<Price>342</Price>
<ShippingDays>8-10 business days</ShippingDays>
</book>
<book>
<ISBN>812671932X</ISBN>
<url>http://www.infibeam.com//Books/bhartiya-sikkon-ka-itihas-gunakar-muley/9788126719327.html?utm_term=812671932x_1_1</url>
<Price>277</Price>
<ShippingDays>3 business days</ShippingDays>
</book>
<book>
<ISBN>048623973X</ISBN>
<url>http://www.infibeam.com//Books/info/Gustave-Dore/Dore-s-Illustrations-for-Ariosto-s-Orlando/048623973X.html?utm_term=048623973x_1_1</url>
<Price>746</Price>
<ShippingDays>8-10 business days</ShippingDays>
</book>
<book>
<ISBN>1407007904-BEEPB</ISBN>
<url>http://www.infibeam.com//eBooks/commando-chris-terrill-epub-ebook-download/9781407007908-BEEPB.html?utm_term=009950989x_1_1</url>
<Price>555</Price>
<ShippingDays>Price</ShippingDays>
</book>
<book>
<ISBN>061518152X</ISBN>
<url>http://www.infibeam.com//Books/info/Steven-Bayer/The-Brilliant-Thoughts-and-Strategies-of-George/061518152X.html?utm_term=061518152x_1_1</url>
<Price>584</Price>
<ShippingDays>8-10 business days</ShippingDays>
</book>
<book>
<ISBN>0060544880</ISBN>
<url>http://www.infibeam.com//Books/info/Ray-Bradbury/Bradbury-Stories-100-of-His-Most-Celebrated/0060544880.html?utm_term=006054242x_1_1</url>
<Price>791</Price>
<ShippingDays>8-10 business days</ShippingDays>
</book>
<book>
<ISBN>019567264X</ISBN>
<url>http://www.infibeam.com//Books/info/default/short-oxford-history-english-literature-third-edition/9780195672640.html?utm_term=019567264x_1_1</url>
<Price>312</Price>
<ShippingDays>3-5 business days</ShippingDays>
</book>
<book>
<ISBN>818993967X</ISBN>
<url>http://www.infibeam.com//Books/info/arihant-prakashan/bitsat-2009-w-cd/9788189939670.html?utm_term=818993967x_1_1</url>
<Price>454</Price>
<ShippingDays>3-5 business days</ShippingDays>
</book>
<book>
<ISBN>009949308X</ISBN>
<url>http://www.infibeam.com//Books/info/liaquat-ahamed/lords-finance/9780099493082.html?utm_term=009949308x_1_1</url>
<Price>385</Price>
<ShippingDays>3-5 business days</ShippingDays>
</book>
<book>
<ISBN>141374771X</ISBN>
<url>http://www.infibeam.com//Books/info/G-L-Hemphill/Embraced-The-Destiny-of-One/141374771X.html?utm_term=141374771x_1_1</url>
<Price>1,534</Price>
<ShippingDays>8-10 business days</ShippingDays>
</book>
<book>
<ISBN>142412574X</ISBN>
<url>http://www.infibeam.com//Books/info/B-Dean-Smith/The-Fire-That-NASA-Never-Had/142412574X.html?utm_term=142412574x_1_1</url>
<Price>1,719</Price>
<ShippingDays>8-10 business days</ShippingDays>
</book>
<book>
<ISBN>054861525X</ISBN>
<url>http://www.infibeam.com//Books/info/Edward-Bausch/Use-and-Care-of-the-Microscope-Extracts/054861525X.html?utm_term=054861525x_1_1</url>
<Price>702</Price>
<ShippingDays>8-10 business days</ShippingDays>
</book>
<book>
<ISBN>000744642X</ISBN>
<url>http://www.infibeam.com//Books/collins-gem-english-dictionary-harpercollins/9780007446421.html?utm_term=000744642x_1_1</url>
<Price>81</Price>
<ShippingDays>3-5 business days</ShippingDays>
</book>
<book>
<ISBN>190431239X</ISBN>
<url>http://www.infibeam.com//Books/info/Nisha-Kisson/Leah-The-Fairy-of-the-Lime-Tree/190431239X.html?utm_term=190431239x_1_1</url>
<Price>876</Price>
<ShippingDays>8-10 business days</ShippingDays>
</book>
<book>
<ISBN>000728263X</ISBN>
<url>http://www.infibeam.com//Books/info/harper/murder-orient-express/9780007282630.html?utm_term=000728263x_1_1</url>
<Price>105</Price>
<ShippingDays>3-5 business days</ShippingDays>
</book>
<book>
<ISBN>006147410X</ISBN>
<url>http://www.infibeam.com//Books/info/neal-stephenson/anathem/9780061474101.html?utm_term=006147410x_1_1</url>
<Price>254</Price>
<ShippingDays>3 business days</ShippingDays>
</book>
<book>
<ISBN>140020237X</ISBN>
<url>http://www.infibeam.com//Books/standout-groundbreaking-new-strengths-assessment-leader-strengths-revolution-thomas-nelson-publishers/9781400202379.html?utm_term=140020237x_1_1</url>
<Price>1,011</Price>
<ShippingDays>8-10 business days</ShippingDays>
</book>
<book>
<ISBN>1846141923</ISBN>
<url>http://www.infibeam.com//Books/info/Niall-Ferguson/The-Ascent-of-Money/9781846141928.html?utm_term=014103548x_1_1</url>
<Price>298</Price>
<ShippingDays>from</ShippingDays>
</book>
<book>
<ISBN>812120948X</ISBN>
<url>http://www.infibeam.com//Books/info/jean-joseph-boillot/economy-india-global-challenge-century/9788121209489.html?utm_term=812120948x_1_1</url>
<Price>295</Price>
<ShippingDays>3-5 business days</ShippingDays>
</book>
<book>
<ISBN>1557048010</ISBN>
<url>http://www.infibeam.com//Books/info/Khaled-Hosseini/The-Kite-Runner-A-Portrait-of-the/1557048010.html?utm_term=140882485x_1_1</url>
<Price>213</Price>
<ShippingDays>3 business days</ShippingDays>
</book>
<book>
<ISBN>190680639X</ISBN>
<url>http://www.infibeam.com//Books/info/david-templeton/snalfrockys/9781906806392.html?utm_term=190680639x_1_1</url>
<Price>599</Price>
<ShippingDays>8-10 business days</ShippingDays>
</book>
<book>
<ISBN>142089434X</ISBN>
<url>http://www.infibeam.com//Books/info/Heather-M-Bassett/I-Love-to-Love/142089434X.html?utm_term=142089434x_1_1</url>
<Price>674</Price>
<ShippingDays>8-10 business days</ShippingDays>
</book>
<book>
<ISBN>007053246X</ISBN>
<url>http://www.infibeam.com//Books/info/schildt/c-complete-reference/9780070532465.html?utm_term=007053246x_1_1</url>
<Price>263</Price>
<ShippingDays>3 business days</ShippingDays>
</book>
<book>
<ISBN>007053246X</ISBN>
<url>http://www.infibeam.com//Books/info/schildt/c-complete-reference/9780070532465.html?utm_term=007053246x_1_2</url>
<Price>263</Price>
<ShippingDays>3 business days</ShippingDays>
</book>
<book>
<ISBN>812032756X</ISBN>
<url>http://www.infibeam.com//Books/info/CILETTI-MICHAEL-D/Advanced-Digital-Design-With-The-Verilog-Hdl/812032756X.html?utm_term=812032756x_1_1</url>
<Price>575</Price>
<ShippingDays>3-5 business days</ShippingDays>
</book>
<book>
<ISBN>817022604X</ISBN>
<url>http://www.infibeam.com//Books/info/k-lal/dalit-action/817022604X.html?utm_term=817022604x_1_1</url>
<Price>125</Price>
<ShippingDays>3-5 business days</ShippingDays>
</book>
<book>
<ISBN>019954090X</ISBN>
<url>http://www.infibeam.com//Books/info/stephen-j-blundell/superconductivity-very-short-introduction/9780199540907.html?utm_term=019954090x_1_1</url>
<Price>526</Price>
<ShippingDays>8-10 business days</ShippingDays>
</book>
<book>
<ISBN>000737237X</ISBN>
<url>http://www.infibeam.com//Books/info/jules-verne/journey-centre-earth/9780007372379.html?utm_term=000737237x_1_1</url>
<Price>90</Price>
<ShippingDays>3-5 business days</ShippingDays>
</book>
<book>
<ISBN>1599953331</ISBN>
<url>http://www.infibeam.com//Books/priests-graveyard-ted-dekker/9781599953335.html?utm_term=159995334x_1_1</url>
<Price>342</Price>
<ShippingDays>8-10 business days</ShippingDays>
</book>
<book>
<ISBN>145121362X</ISBN>
<url>http://www.infibeam.com//Books/pluto-springs-publishamerica/9781451213621.html?utm_term=145121362x_1_1</url>
<Price>1,841</Price>
<ShippingDays>8-10 business days</ShippingDays>
</book>
<book>
<ISBN>812032983X</ISBN>
<url>http://www.infibeam.com//Books/info/DEBASIS-DEB/Finite-Element-Method-Concepts-And-Applications-In/812032983X.html?utm_term=812032983x_1_1</url>
<Price>113</Price>
<ShippingDays>from</ShippingDays>
</book>
<book>
<ISBN>0198072392</ISBN>
<url>http://www.infibeam.com//Books/rs-gis-2e-basudeb-bhatta/9780198072393.html?utm_term=019569239x_1_1</url>
<Price>375</Price>
<ShippingDays>3-5 business days</ShippingDays>
</book>
<book>
<ISBN>009917961X</ISBN>
<url>http://www.infibeam.com//Books/rainmaker-paperback-john-grisham/9780099179610.html?utm_term=009917961x_1_1</url>
<Price>150</Price>
<ShippingDays>from</ShippingDays>
</book>
<book>
<ISBN>817276376X</ISBN>
<url>http://www.infibeam.com//Books/srimad-bhagavatam-10th-edt-kamala-subramaniam/817276376X.html?utm_term=817276376x_1_1</url>
<Price>425</Price>
<ShippingDays>3 business days</ShippingDays>
</book>
<book>
<ISBN>014241087X</ISBN>
<url>http://www.infibeam.com//Books/info/Alane-Ferguson/The-Angel-of-Death/014241087X.html?utm_term=014241087x_1_1</url>
<Price>308</Price>
<ShippingDays>8-10 business days</ShippingDays>
</book>
<book>
<ISBN>140330047X</ISBN>
<url>http://www.infibeam.com//Books/info/Russell-Joyner/Frames-of-Life/140330047X.html?utm_term=140330047x_1_1</url>
<Price>818</Price>
<ShippingDays>8-10 business days</ShippingDays>
</book>
<book>
<ISBN>032147404X</ISBN>
<url>http://www.infibeam.com//Books/info/Scott-Kelby/The-Digital-Photography-Book-The-Step-By/032147404X.html?utm_term=032147404x_1_1</url>
<Price>1,071</Price>
<ShippingDays>8-10 business days</ShippingDays>
</book>
<book>
<ISBN>0141331461</ISBN>
<url>http://www.infibeam.com//Books/info/rick-riordan/percy-jackson-demigod-files/9780141331461.html?utm_term=142312166x_1_1</url>
<Price>100</Price>
<ShippingDays>from</ShippingDays>
</book>
<book>
<ISBN>818489449X</ISBN>
<url>http://www.infibeam.com//Books/info/bosi-isbn-x/introduction-digital-audio-coding-standards/9788184894493.html?utm_term=818489449x_1_1</url>
<Price>411</Price>
<ShippingDays>3 business days</ShippingDays>
</book>
<book>
<ISBN>038000321X</ISBN>
<url>http://www.infibeam.com//Books/info/Piers-Paul-Read/Alive-The-Story-of-the-Andes-Survivors/038000321X.html?utm_term=038000321x_1_1</url>
<Price>351</Price>
<ShippingDays>8-10 business days</ShippingDays>
</book>
<book>
<ISBN>145204905X</ISBN>
<url>http://www.infibeam.com//Books/effective-deterrence-thoughts-indias-security-policy-structures-twenty-colonel-yogander-singh/9781452049052.html?utm_term=145204905x_1_1</url>
<Price>1,202</Price>
<ShippingDays>8-10 business days</ShippingDays>
</book>
<book>
<ISBN>8177229702</ISBN>
<url>http://www.infibeam.com//Books/info/dhanji-r-prasanna-isbn/dependency-injection-design-patterns-using-spring-guice/9788177229707.html?utm_term=193398855x_1_1</url>
<Price>359</Price>
<ShippingDays>3 business days</ShippingDays>
</book>
<book>
<ISBN>114375803X</ISBN>
<url>http://www.infibeam.com//Books/info/j-g-medley/roorkee-treatise-civil-engineering-india/9781143758034.html?utm_term=114375803x_1_1</url>
<Price>2,497</Price>
<ShippingDays>8-10 business days</ShippingDays>
</book>
<book>
<ISBN>142416401X</ISBN>
<url>http://www.infibeam.com//Books/info/Jesse-Pender/From-a-Cat-House-to-the-White/142416401X.html?utm_term=142416401x_1_1</url>
<Price>1,534</Price>
<ShippingDays>8-10 business days</ShippingDays>
</book>
<book>
<ISBN>160672567X</ISBN>
<url>http://www.infibeam.com//Books/info/ashlei-daylen-hawley/fate-fateweaver-rohara-book-one/9781606725672.html?utm_term=160672567x_1_1</url>
<Price>1,534</Price>
<ShippingDays>8-10 business days</ShippingDays>
</book>
<book>
<ISBN>813175409X</ISBN>
<url>http://www.infibeam.com//Books/do-well-gds-interviews-pearson/9788131754092.html?utm_term=813175409x_1_1</url>
<Price>201</Price>
<ShippingDays>3 business days</ShippingDays>
</book>
<book>
<ISBN>059048351X</ISBN>
<url>http://www.infibeam.com//Books/info/r-l-stine/night-terror-tower-goosebumps-27/9780590483513.html?utm_term=059048351x_1_1</url>
<Price>87</Price>
<ShippingDays>3 business days</ShippingDays>
</book>
<book>
<ISBN>076536543X</ISBN>
<url>http://www.infibeam.com//Books/info/brandon-sanderson/mistborn-trilogy-boxed-set/9780765365439.html?utm_term=076536543x_1_1</url>
<Price>1,027</Price>
<ShippingDays>8-10 business days</ShippingDays>
</book>
<book>
<ISBN>0007322607-BEEPB</ISBN>
<url>http://www.infibeam.com//eBooks/hobbit-j-r-r-tolkien-epub-ebook-download/9780007322602-BEEPB.html?utm_term=000711835x_1_1</url>
<Price>392</Price>
<ShippingDays>Price</ShippingDays>
</book>
<book>
<ISBN>0141036664</ISBN>
<url>http://www.infibeam.com//Books/info/thomas-l-friedman/hot-flat-crowded/9780141036663.html?utm_term=184614129x_1_1</url>
<Price>315</Price>
<ShippingDays>3 business days</ShippingDays>
</book>
<book>
<ISBN>043988814X</ISBN>
<url>http://www.infibeam.com//Books/info/Francesco-Sedita/Miss-Popularity/043988814X.html?utm_term=043988814x_1_1</url>
<Price>264</Price>
<ShippingDays>8-10 business days</ShippingDays>
</book>
<book>
<ISBN>817223855X</ISBN>
<url>http://www.infibeam.com//Books/info/fake-ipl-player/gamechangers/9788172238551.html?utm_term=817223855x_1_1</url>
<Price>149</Price>
<ShippingDays>3-4 business days</ShippingDays>
</book>
<book>
<ISBN>188896314X</ISBN>
<url>http://www.infibeam.com//Books/info/Jeff-Smith/Bone-One-Volume-Edition/188896314X.html?utm_term=188896314x_1_1</url>
<Price>1,712</Price>
<ShippingDays>8-10 business days</ShippingDays>
</book>
<book>
<ISBN>1929494173</ISBN>
<url>http://www.infibeam.com//Books/info/Sean-Covey/The-7-Habits-of-Highly-Effective-Teens/1929494173.html?utm_term=076241474x_1_1</url>
<Price>220</Price>
<ShippingDays>8-10 business days</ShippingDays>
</book>
<book>
<ISBN>817223578X</ISBN>
<url>http://www.infibeam.com//Books/jonathan-livingston-seagull-paperback-richard-bach/9788172235789.html?utm_term=817223578x_1_2</url>
<Price>119</Price>
<ShippingDays>3-5 business days</ShippingDays>
</book>
<book>
<ISBN>057122525X</ISBN>
<url>http://www.infibeam.com//Books/info/orhan-pamuk/black-book/9780571225255.html?utm_term=057122525x_1_1</url>
<Price>315</Price>
<ShippingDays>3 business days</ShippingDays>
</book>
<book>
<ISBN>141843731X</ISBN>
<url>http://www.infibeam.com//Books/info/Jr-George-E-Peterson/Wonderful-Stories-from-Skog-Forest-Near-the/141843731X.html?utm_term=142084301x_1_1</url>
<Price>792</Price>
<ShippingDays>8-10 business days</ShippingDays>
</book>
<book>
<ISBN>812911612X</ISBN>
<url>http://www.infibeam.com//Books/info/george-orwell-isbn-x/animal-farm/9788129116123.html?utm_term=812911612x_1_1</url>
<Price>40</Price>
<ShippingDays>from</ShippingDays>
</book>
<book>
<ISBN>818404271X</ISBN>
<url>http://www.infibeam.com//Books/info/rasmus-lerdorf-kevin/programming-php/818404271X.html?utm_term=818404271x_1_1</url>
<Price>361</Price>
<ShippingDays>Title:</ShippingDays>
</book>
<book>
<ISBN>159824910X</ISBN>
<url>http://www.infibeam.com//Books/info/tomas-real/if-we-free-slaves-who-will-pick-cotton/9781598249101.html?utm_term=159824910x_1_1</url>
<Price>505</Price>
<ShippingDays>Title:</ShippingDays>
</book>
<book>
<ISBN>054533134X</ISBN>
<url>http://www.infibeam.com//Books/geronimo-stilton-special-edition-thea-stilton-ice-treasure-thea-stilton/9780545331340.html?utm_term=054533134x_1_1</url>
<Price>351</Price>
<ShippingDays>8-10 business days</ShippingDays>
</book>
<book>
<ISBN>1844545903</ISBN>
<url>http://www.infibeam.com//Books/info/John-McShane/Didier-Drogba-Portrait-of-a-Hero/1844545903.html?utm_term=184454415x_1_1</url>
<Price>564</Price>
<ShippingDays>15-18 business days</ShippingDays>
</book>
<book>
<ISBN>1408810565</ISBN>
<url>http://www.infibeam.com//Books/info/jk-rowling/harry-potter-prisoner-azkaban/9781408810569.html?utm_term=074757376x_1_1</url>
<Price>315</Price>
<ShippingDays>3 business days</ShippingDays>
</book>
<book>
<ISBN>160145340X</ISBN>
<url>http://www.infibeam.com//Books/info/Sharon-Elaine/Ready-Click-Win-How-to-Find-Enter/160145340X.html?utm_term=160145340x_1_1</url>
<Price>832</Price>
<ShippingDays>8-10 business days</ShippingDays>
</book>
<book>
<ISBN>812460567X</ISBN>
<url>http://www.infibeam.com//Books/indian-culture-india-s-future-michel-danino/9788124605677.html?utm_term=812460567x_1_1</url>
<Price>237</Price>
<ShippingDays>3 business days</ShippingDays>
</book>
<book>
<ISBN>1446412954-BEEPB</ISBN>
<url>http://www.infibeam.com//eBooks/act-love-howard-jacobson-epub-ebook-download/9781446412954-BEEPB.html?utm_term=141659423x_1_1</url>
<Price>509</Price>
<ShippingDays>Price</ShippingDays>
</book>
<book>
<ISBN>1597490814</ISBN>
<url>http://www.infibeam.com//Books/info/Johnny-Long/Stealing-the-Network-How-to-Own-a/1597490814.html?utm_term=159749299x_1_1</url>
<Price>2,285</Price>
<ShippingDays>8-10 business days</ShippingDays>
</book>
<book>
<ISBN>812652619X</ISBN>
<url>http://www.infibeam.com//Books/info/philip-kotler/marketing-3-0-products-customers-human-spirit/9788126526192.html?utm_term=812652619x_1_1</url>
<Price>386</Price>
<ShippingDays>3 business days</ShippingDays>
</book>
<book>
<ISBN>0330511602</ISBN>
<url>http://www.infibeam.com//Books/info/richard-wiseman/59-seconds/9780330511605.html?utm_term=023074429x_1_1</url>
<Price>278</Price>
<ShippingDays>3 business days</ShippingDays>
</book>
<book>
<ISBN>143273072X</ISBN>
<url>http://www.infibeam.com//Books/info/j-martin-eichhorn/escape-cocoon-true-story-near-death-experience-wilderness/9781432730727.html?utm_term=143273072x_1_1</url>
<Price>599</Price>
<ShippingDays>8-10 business days</ShippingDays>
</book>
<book>
<ISBN>0135108896</ISBN>
<url>http://www.infibeam.com//Books/study-guide-cooking-textbook-culinary-fundamentals-pricilla-r-martel-sarah/9780135108895.html?utm_term=013715576x_1_1</url>
<Price>2,049</Price>
<ShippingDays>8-10 business days</ShippingDays>
</book>
<book>
<ISBN>817434473X</ISBN>
<url>http://www.infibeam.com//Books/arthat-marathi-achyut-godbole/9788174344731.html?utm_term=817434473x_1_1</url>
<Price>276</Price>
<ShippingDays>3-5 business days</ShippingDays>
</book>
<book>
<ISBN>817221040X</ISBN>
<url>http://www.infibeam.com//Books/who-killed-karkare-s-m-mushrif/9788172210403.html?utm_term=817221040x_1_1</url>
<Price>240</Price>
<ShippingDays>Title:</ShippingDays>
</book>
<book>
<ISBN>014303278X</ISBN>
<url>http://www.infibeam.com//Books/info/satyajit-ray/complete-adventures-feluda-vol-2/9780143032786.html?utm_term=014303278x_1_1</url>
<Price>356</Price>
<ShippingDays>3 business days</ShippingDays>
</book>
<book>
<ISBN>174104832X</ISBN>
<url>http://www.infibeam.com//Books/info/default/nepal/9781741048322.html?utm_term=174104832x_1_1</url>
<Price>1,114</Price>
<ShippingDays>8-10 business days</ShippingDays>
</book>
<book>
<ISBN>818322198X</ISBN>
<url>http://www.infibeam.com//Books/secret-exclusively-with-r-r-sheth-co-pvt-rhonda-byrne/9788183221986.html?utm_term=818322198x_1_1</url>
<Price>267</Price>
<ShippingDays>3 business days</ShippingDays>
</book>
<book>
<ISBN>812911061X</ISBN>
<url>http://www.infibeam.com//Books/info/D-P-Sabharwal/SPACE-INFORMATION-AND-QUIZ-BOOK/812911061X.html?utm_term=812911061x_1_1</url>
<Price>73</Price>
<ShippingDays>3 business days</ShippingDays>
</book>
<book>
<ISBN>192900964X</ISBN>
<url>http://www.infibeam.com//Books/info/alfred-publishing/100-piano-classics-grow/9781929009640.html?utm_term=192900964x_1_1</url>
<Price>1,112</Price>
<ShippingDays>8-10 business days</ShippingDays>
</book>
<book>
<ISBN>030758674X</ISBN>
<url>http://www.infibeam.com//Books/burdastyle-sewing-handbook-alison-kelly/9780307586742.html?utm_term=030758674x_1_1</url>
<Price>1,285</Price>
<ShippingDays>8-10 business days</ShippingDays>
</book>
<book>
<ISBN>159448385X</ISBN>
<url>http://www.infibeam.com//Books/info/khaled-hosseini/thousand-splendid-suns/9781594483851.html?utm_term=159448385x_1_1</url>
<Price>686</Price>
<ShippingDays>8-10 business days</ShippingDays>
</book>
<book>
<ISBN>159448385X</ISBN>
<url>http://www.infibeam.com//Books/info/khaled-hosseini/thousand-splendid-suns/9781594483851.html?utm_term=159448385x_1_2</url>
<Price>686</Price>
<ShippingDays>8-10 business days</ShippingDays>
</book>
<book>
<ISBN>184923177X</ISBN>
<url>http://www.infibeam.com//Books/info/waheed-rabbani/doctor-margaret-s-sea-chest/9781849231770.html?utm_term=184923177x_1_1</url>
<Price>1,057</Price>
<ShippingDays>8-10 business days</ShippingDays>
</book>
<book>
<ISBN>818997565X</ISBN>
<url>http://www.infibeam.com//Books/info/tejas-modak/private-eye-anonymous-art-gallery-case/9788189975654.html?utm_term=818997565x_1_1</url>
<Price>193</Price>
<ShippingDays>3 business days</ShippingDays>
</book>
<book>
<ISBN>8122316077-BEEPB</ISBN>
<url>http://www.infibeam.com//eBooks/what-happened-love-kailash-srinivasan-epub-ebook-download/9788122316070-BEEPB.html?utm_term=812231161x_1_1</url>
<Price>84</Price>
<ShippingDays>Price</ShippingDays>
</book>
<book>
<ISBN>0385737955</ISBN>
<url>http://www.infibeam.com//Books/info/james-dashner/maze-runner/9780385737951.html?utm_term=190642750x_1_1</url>
<Price>428</Price>
<ShippingDays>8-10 business days</ShippingDays>
</book>
<book>
<ISBN>006169696X</ISBN>
<url>http://www.infibeam.com//Books/info/arielle-ford/soulmate-secrets-manifest-love-your-life-with-law/9780061696961.html?utm_term=006169696x_1_1</url>
<Price>446</Price>
<ShippingDays>3 business days</ShippingDays>
</book>
<book>
<ISBN>817925111X</ISBN>
<url>http://www.infibeam.com//Books/info/milind-mulick/watercolour/9788179251119.html?utm_term=817925111x_1_1</url>
<Price>281</Price>
<ShippingDays>3 business days</ShippingDays>
</book>
<book>
<ISBN>1847511449</ISBN>
<url>http://www.infibeam.com//Books/info/madge-swindells/string-pearls/9781847511447.html?utm_term=072786663x_1_1</url>
<Price>1,041</Price>
<ShippingDays>15-18 business days</ShippingDays>
</book>
<book>
<ISBN>0142404187</ISBN>
<url>http://www.infibeam.com//Books/info/Brenda-Woods/Emako-Blue/0142404187.html?utm_term=143529419x_1_1</url>
<Price>264</Price>
<ShippingDays>8-10 business days</ShippingDays>
</book>
<book>
<ISBN>097919850X</ISBN>
<url>http://www.infibeam.com//Books/info/Kimberly-Hughes-Hanley/Mind-Games/097919850X.html?utm_term=097919850x_1_1</url>
<Price>1,616</Price>
<ShippingDays>8-10 business days</ShippingDays>
</book>
<book>
<ISBN>818322119X</ISBN>
<url>http://www.infibeam.com//Books/info/robert-t-kiyosaki/rich-dad-poor-dad-telugu/9788183221191.html?utm_term=818322119x_1_1</url>
<Price>160</Price>
<ShippingDays>3 business days</ShippingDays>
</book>
<book>
<ISBN>812192197X</ISBN>
<url>http://www.infibeam.com//Books/info/wren/high-school-english-grammer-composition-delux-four-co/812192197X.html?utm_term=812192197x_1_1</url>
<Price>192</Price>
<ShippingDays>3 business days</ShippingDays>
</book>
<book>
<ISBN>157324371X</ISBN>
<url>http://www.infibeam.com//Books/info/Theresa-Chung/The-Ultimate-Pcos-Handbook-Lose-Weight-Boost/157324371X.html?utm_term=157324371x_1_1</url>
<Price>966</Price>
<ShippingDays>8-10 business days</ShippingDays>
</book>
<book>
<ISBN>034537522X</ISBN>
<url>http://www.infibeam.com//Books/info/J-R-R-Tolkien/The-Book-of-Lost-Tales-Part-II/034537522X.html?utm_term=034537522x_1_1</url>
<Price>351</Price>
<ShippingDays>8-10 business days</ShippingDays>
</book>
<book>
<ISBN>813180741X</ISBN>
<url>http://www.infibeam.com//Books/info/narendra-singh-beniwal/automatic-control-systems-with-matlab-programming/9788131807415.html?utm_term=813180741x_1_1</url>
<Price>287</Price>
<ShippingDays>3 business days</ShippingDays>
</book>
<book>
<ISBN>007053375X</ISBN>
<url>http://www.infibeam.com//Books/info/ries/positioning-battle-your-mind/9780070533752.html?utm_term=007053375x_1_1</url>
<Price>316</Price>
<ShippingDays>3 business days</ShippingDays>
</book>
<book>
<ISBN>031228621X</ISBN>
<url>http://www.infibeam.com//Books/info/Caroline-Sharp/A-Writer-s-Workbook-Daily-Exercises-for/031228621X.html?utm_term=031228621x_1_1</url>
<Price>641</Price>
<ShippingDays>8-10 business days</ShippingDays>
</book>
<book>
<ISBN>363900535X</ISBN>
<url>http://www.infibeam.com//Books/info/Sergio-Leonardo-Garcia/Hybrid-Wind-Diesel-Power-Plants/363900535X.html?utm_term=363900535x_1_1</url>
<Price>6,824</Price>
<ShippingDays>8-10 business days</ShippingDays>
</book>
<book>
<ISBN>055380667X</ISBN>
<url>http://www.infibeam.com//Books/info/priscilla-j-dunstan/child-sense-birth-age-5-use-5-senses/9780553806670.html?utm_term=055380667x_1_1</url>
<Price>1,144</Price>
<ShippingDays>8-10 business days</ShippingDays>
</book>
<book>
<ISBN>019569841X</ISBN>
<url>http://www.infibeam.com//Books/info/default/indian-philosophy-volume-1-with-introduction-j-n/9780195698411.html?utm_term=019569841x_1_1</url>
<Price>396</Price>
<ShippingDays>3 business days</ShippingDays>
</book>
<book>
<ISBN>817314236X</ISBN>
<url>http://www.infibeam.com//Books/richest-man-babylon-george-s-clason-s/9788173142369.html?utm_term=817314236x_1_1</url>
<Price>120</Price>
<ShippingDays>3-5 business days</ShippingDays>
</book>
<book>
<ISBN>059576715X</ISBN>
<url>http://www.infibeam.com//Books/info/Ron-F-Blaylock/The-Syndicate-Expulsion/059576715X.html?utm_term=059576715x_1_1</url>
<Price>1,522</Price>
<ShippingDays>8-10 business days</ShippingDays>
</book>
<book>
<ISBN>072162846X</ISBN>
<url>http://www.infibeam.com//Books/info/zainul-abedin/12-lead-ecg-interpretation-self-assessment-approach/9780721628462.html?utm_term=072162846x_1_1</url>
<Price>1,541</Price>
<ShippingDays>3 business days</ShippingDays>
</book>
<book>
<ISBN>160813685X</ISBN>
<url>http://www.infibeam.com//Books/info/dan-brock/somewhere-out-there/9781608136858.html?utm_term=160813685x_1_1</url>
<Price>1,719</Price>
<ShippingDays>8-10 business days</ShippingDays>
</book>
<book>
<ISBN>007014494X</ISBN>
<url>http://www.infibeam.com//Books/info/o-brien-isbn-x/management-information-system-sie-9e/9780070144941.html?utm_term=007014494x_1_1</url>
<Price>443</Price>
<ShippingDays>3-5 business days</ShippingDays>
</book>
<book>
<ISBN>007014494X</ISBN>
<url>http://www.infibeam.com//Books/info/o-brien-isbn-x/management-information-system-sie-9e/9780070144941.html?utm_term=007014494x_1_2</url>
<Price>443</Price>
<ShippingDays>3-5 business days</ShippingDays>
</book>
<book>
<ISBN>1408811626-BEEPB</ISBN>
<url>http://www.infibeam.com//eBooks/paper-towns-john-green-epub-ebook-download/9781408811627-BEEPB.html?utm_term=014241493x_1_1</url>
<Price>419</Price>
<ShippingDays>Price</ShippingDays>
</book>
<book>
<ISBN>142575872X</ISBN>
<url>http://www.infibeam.com//Books/info/Giovanni-Maria-Tommaso/As-Simple-Simply-Said/142575872X.html?utm_term=142575872x_1_1</url>
<Price>462</Price>
<ShippingDays>8-10 business days</ShippingDays>
</book>
<book>
<ISBN>817476304X</ISBN>
<url>http://www.infibeam.com//Books/info/pravin-s-r-bhatia/numerology-gemology-rudraksha/9788174763044.html?utm_term=817476304x_1_1</url>
<Price>129</Price>
<ShippingDays>3 business days</ShippingDays>
</book>
<book>
<ISBN>193436083X</ISBN>
<url>http://www.infibeam.com//Books/info/Steve-Adams/Morgan-V/193436083X.html?utm_term=193436083x_1_1</url>
<Price>786</Price>
<ShippingDays>Title:</ShippingDays>
</book>
<book>
<ISBN>0307456625</ISBN>
<url>http://www.infibeam.com//Books/info/Alexander-McCall-Smith/The-No-1-Ladies-Detective-Agency-Mti/0307456625.html?utm_term=034911675x_1_1</url>
<Price>342</Price>
<ShippingDays>8-10 business days</ShippingDays>
</book>
<book>
<ISBN>034911675X</ISBN>
<url>http://www.infibeam.com//Books/no-1-ladies-detective-agency-paperback-alexander-mccall-smith/9780349116754.html?utm_term=034911675x_1_2</url>
<Price>564</Price>
<ShippingDays>15-18 business days</ShippingDays>
</book>
<book>
<ISBN>125000232X</ISBN>
<url>http://www.infibeam.com//Books/examined-lives-socrates-nietzsche-picador-usa/9781250002327.html?utm_term=125000232x_1_1</url>
<Price>772</Price>
<ShippingDays>8-10 business days</ShippingDays>
</book>
<book>
<ISBN>019569483X</ISBN>
<url>http://www.infibeam.com//Books/info/Subir-K-Sarkar/Construction-Technology/019569483X.html?utm_term=019569483x_1_1</url>
<Price>304</Price>
<ShippingDays>3-5 business days</ShippingDays>
</book>
<book>
<ISBN>0448000253</ISBN>
<url>http://www.infibeam.com//Books/longhorns-grossets-universal-library-j-frank-dobie/9780448000251.html?utm_term=029274627x_1_1</url>
<Price>223</Price>
<ShippingDays>Edition</ShippingDays>
</book>
<book>
<ISBN>812193639X</ISBN>
<url>http://www.infibeam.com//Books/language-mathematics-class-ix-x-prem-kumar/812193639X.html?utm_term=812193639x_1_1</url>
<Price>65</Price>
<ShippingDays>3 business days</ShippingDays>
</book>
<book>
<ISBN>115143437X</ISBN>
<url>http://www.infibeam.com//Books/info/begam-gulbadan/history-humayun-humayun-nama/9781151434371.html?utm_term=115143437x_1_1</url>
<Price>1,897</Price>
<ShippingDays>8-10 business days</ShippingDays>
</book>
<book>
<ISBN>014302907X</ISBN>
<url>http://www.infibeam.com//Books/info/unknown/The-Algebra-of-Infinite-Justice/014302907X.html?utm_term=014302907x_1_1</url>
<Price>194</Price>
<ShippingDays>Title:</ShippingDays>
</book>
<book>
<ISBN>812032885X</ISBN>
<url>http://www.infibeam.com//Books/info/NISAN-NOAM/The-Elements-Of-Computing-Systems-Building-A/812032885X.html?utm_term=812032885x_1_1</url>
<Price>156</Price>
<ShippingDays>3 business days</ShippingDays>
</book>
<book>
<ISBN>145122821X</ISBN>
<url>http://www.infibeam.com//Books/mebsuta-publishamerica/9781451228212.html?utm_term=145122821x_1_1</url>
<Price>1,534</Price>
<ShippingDays>8-10 business days</ShippingDays>
</book>
<book>
<ISBN>184708141X</ISBN>
<url>http://www.infibeam.com//Books/nothing-envy-barbara-demick/9781847081414.html?utm_term=184708141x_1_1</url>
<Price>327</Price>
<ShippingDays>3-5 business days</ShippingDays>
</book>
<book>
<ISBN>160813170X</ISBN>
<url>http://www.infibeam.com//Books/info/g-l-adams/memory/9781608131709.html?utm_term=160813170x_1_1</url>
<Price>1,042</Price>
<ShippingDays>8-10 business days</ShippingDays>
</book>
<book>
<ISBN>812611472X</ISBN>
<url>http://www.infibeam.com//Books/info/sharma-sr/statistical-methods-educational-research/9788126114726.html?utm_term=812611472x_1_1</url>
<Price>180</Price>
<ShippingDays>3 business days</ShippingDays>
</book>
<book>
<ISBN>142419217X</ISBN>
<url>http://www.infibeam.com//Books/info/J-P-Spanik-Jr/Second-Wave/142419217X.html?utm_term=142419217x_1_1</url>
<Price>1,719</Price>
<ShippingDays>8-10 business days</ShippingDays>
</book>
<book>
<ISBN>812230060X</ISBN>
<url>http://www.infibeam.com//Books/info/harry-lorayne/secrets-mind-power/9788122300604.html?utm_term=812230060x_1_1</url>
<Price>98</Price>
<ShippingDays>3 business days</ShippingDays>
</book>
<book>
<ISBN>075381675X</ISBN>
<url>http://www.infibeam.com//Books/info/bernard-lewis/what-went-wrong-clash-between-islam-modernity-middle/9780753816752.html?utm_term=075381675x_1_1</url>
<Price>175</Price>
<ShippingDays>from</ShippingDays>
</book>
<book>
<ISBN>817722736X</ISBN>
<url>http://www.infibeam.com//Books/info/KOGENT-SOLUTION-INC/Java-6-Programming-Black-Book-2007-Edotion/9788177227369.html?utm_term=817722736x_1_1</url>
<Price>461</Price>
<ShippingDays>3 business days</ShippingDays>
</book>
<book>
<ISBN>812671803X</ISBN>
<url>http://www.infibeam.com//Books/info/gajanan-madhav-muktibodh/shesh-ashesh-hindi/9788126718030.html?utm_term=812671803x_1_1</url>
<Price>233</Price>
<ShippingDays>3 business days</ShippingDays>
</book>
<book>
<ISBN>0747591261</ISBN>
<url>http://www.infibeam.com//Books/info/joanne-k-rowling/harry-potter-5-order-phoenix-celebratory-edition/9780747591269.html?utm_term=140881059x_1_1</url>
<Price>435</Price>
<ShippingDays>3 business days</ShippingDays>
</book>
<book>
<ISBN>812501988X</ISBN>
<url>http://www.infibeam.com//Books/info/s-r-maheshwari/indian-administration-6th-edn/9788125019886.html?utm_term=812501988x_1_1</url>
<Price>308</Price>
<ShippingDays>3-5 business days</ShippingDays>
</book>
<book>
<ISBN>007107273X</ISBN>
<url>http://www.infibeam.com//Books/database-management-systems-gupta/9780071072731.html?utm_term=007107273x_1_1</url>
<Price>424</Price>
<ShippingDays>3 business days</ShippingDays>
</book>
<book>
<ISBN>818976652X</ISBN>
<url>http://www.infibeam.com//Books/info/noor-zaheer/my-god-woman/9788189766528.html?utm_term=818976652x_1_1</url>
<Price>230</Price>
<ShippingDays>3 business days</ShippingDays>
</book>
<book>
<ISBN>006250763X</ISBN>
<url>http://www.infibeam.com//Books/info/Jamie-Sams/Other-Council-Fires-Were-Here-Before-Ours/006250763X.html?utm_term=006250763x_1_1</url>
<Price>791</Price>
<ShippingDays>8-10 business days</ShippingDays>
</book>
<book>
<ISBN>818069626X</ISBN>
<url>http://www.infibeam.com//Books/medicinal-plants-tripura-deepa-d-nair/9788180696268.html?utm_term=818069626x_1_1</url>
<Price>581</Price>
<ShippingDays>3-5 business days</ShippingDays>
</book>
<book>
<ISBN>813150218X</ISBN>
<url>http://www.infibeam.com//Books/info/dorothy-graham/foundations-software-testing/9788131502181.html?utm_term=813150218x_1_1</url>
<Price>185</Price>
<ShippingDays>Title:</ShippingDays>
</book>
<book>
<ISBN>141695421X</ISBN>
<url>http://www.infibeam.com//Books/info/margaret-peterson-haddix/found/9781416954217.html?utm_term=141695421x_1_1</url>
<Price>300</Price>
<ShippingDays>8-10 business days</ShippingDays>
</book>
<book>
<ISBN>143893887X</ISBN>
<url>http://www.infibeam.com//Books/info/t-white-james-t-white/james-t-white-s-million-dollar-business-bible/9781438938875.html?utm_term=143893887x_1_1</url>
<Price>1,160</Price>
<ShippingDays>15-18 business days</ShippingDays>
</book>
<book>
<ISBN>0064431622</ISBN>
<url>http://www.infibeam.com//Books/info/Eric-Carle/The-Mixed-Up-Chameleon/0064431622.html?utm_term=014050642x_1_1</url>
<Price>248</Price>
<ShippingDays>3 business days</ShippingDays>
</book>
<book>
<ISBN>014050642X</ISBN>
<url>http://www.infibeam.com//Books/info/eric-carle/mixed-up-chameleon-picture-puffin/9780140506426.html?utm_term=014050642x_1_2</url>
<Price>494</Price>
<ShippingDays>15-18 business days</ShippingDays>
</book>
<book>
<ISBN>817722655X</ISBN>
<url>http://www.infibeam.com//Books/info/STEVEN-HOLZNER/Java-2-JDK-5-Edition-Programming-Black/9788177226553.html?utm_term=817722655x_1_1</url>
<Price>467</Price>
<ShippingDays>3 business days</ShippingDays>
</book>
<book>
<ISBN>817722655X</ISBN>
<url>http://www.infibeam.com//Books/info/STEVEN-HOLZNER/Java-2-JDK-5-Edition-Programming-Black/9788177226553.html?utm_term=817722655x_1_2</url>
<Price>467</Price>
<ShippingDays>3 business days</ShippingDays>
</book>
<book>
<ISBN>059551653X</ISBN>
<url>http://www.infibeam.com//Books/info/hank-bullard/why-black-women-alone-truth-revealed/9780595516537.html?utm_term=059551653x_1_1</url>
<Price>642</Price>
<ShippingDays>8-10 business days</ShippingDays>
</book>
<book>
<ISBN>817293002X</ISBN>
<url>http://www.infibeam.com//Books/info/asapurna-devi/subornolota-bengali/817293002X.html?utm_term=817293002x_1_1</url>
<Price>188</Price>
<ShippingDays>3 business days</ShippingDays>
</book>
<book>
<ISBN>819072147X</ISBN>
<url>http://www.infibeam.com//Books/kissa-char-darvesh-novel-hindi-meer-amman-dehlavi/9788190721479.html?utm_term=819072147x_1_1</url>
<Price>220</Price>
<ShippingDays>Title:</ShippingDays>
</book>
<book>
<ISBN>014103629X</ISBN>
<url>http://www.infibeam.com//Books/info/michael-axworthy/iran/9780141036298.html?utm_term=014103629x_1_1</url>
<Price>705</Price>
<ShippingDays>15-18 business days</ShippingDays>
</book>
<book>
<ISBN>8172235024</ISBN>
<url>http://www.infibeam.com//Books/info/jhumpa-lahiri/interpreter-maladies/9788172235024.html?utm_term=817223502x_1_1</url>
<Price>179</Price>
<ShippingDays>3-5 business days</ShippingDays>
</book>
<book>
<ISBN>141699498X</ISBN>
<url>http://www.infibeam.com//Books/info/paul-harrington/secret-teen-power/9781416994985.html?utm_term=141699498x_1_1</url>
<Price>771</Price>
<ShippingDays>8-10 business days</ShippingDays>
</book>
<book>
<ISBN>8126909978</ISBN>
<url>http://www.infibeam.com//Books/info/dr-r-c-bhatia/karyalaya-parbandh/9788126909971.html?utm_term=812690996x_1_1</url>
<Price>277</Price>
<ShippingDays>3 business days</ShippingDays>
</book>
<book>
<ISBN>817809049X</ISBN>
<url>http://www.infibeam.com//Books/info/zig-ziglar/something-smile-about-encouragement-inspiration-life-s-ups/9788178090498.html?utm_term=817809049x_1_1</url>
<Price>142</Price>
<ShippingDays>3 business days</ShippingDays>
</book>
<book>
<ISBN>1410785475</ISBN>
<url>http://www.infibeam.com//Books/info/larry-l-scaglione/gods-revelation-about-you/9781410785473.html?utm_term=141400463x_1_1</url>
<Price>809</Price>
<ShippingDays>8-10 business days</ShippingDays>
</book>
<book>
<ISBN>031021436X</ISBN>
<url>http://www.infibeam.com//Books/info/Philip-Yancey/Disappointment-with-God-Three-Questions-No-One/031021436X.html?utm_term=031021436x_1_1</url>
<Price>308</Price>
<ShippingDays>8-10 business days</ShippingDays>
</book>
<book>
<ISBN>812033048X</ISBN>
<url>http://www.infibeam.com//Books/info/M-L-GAMBHIR/Fundamentals-Of-Reinforced-Concrete-Design/812033048X.html?utm_term=812033048x_1_1</url>
<Price>270</Price>
<ShippingDays>3-5 business days</ShippingDays>
</book>
<book>
<ISBN>817991349X</ISBN>
<url>http://www.infibeam.com//Books/cooking-with-love-sanjeev-kapoor/9788179913499.html?utm_term=817991349x_1_1</url>
<Price>227</Price>
<ShippingDays>3 business days</ShippingDays>
</book>
<book>
<ISBN>818916144X</ISBN>
<url>http://www.infibeam.com//Books/poverty-urban-area-khaja-ajamuddin/9788189161446.html?utm_term=818916144x_1_1</url>
<Price>554</Price>
<ShippingDays>3-5 business days</ShippingDays>
</book>
<book>
<ISBN>080215140X</ISBN>
<url>http://www.infibeam.com//Books/info/Samuel-Beckett/Watt/080215140X.html?utm_term=080215140x_1_1</url>
<Price>616</Price>
<ShippingDays>8-10 business days</ShippingDays>
</book>
<book>
<ISBN>140006905X</ISBN>
<url>http://www.infibeam.com//Books/info/random-house/designer-genes-new-era-evolution-man/9781400069057.html?utm_term=140006905x_1_1</url>
<Price>902</Price>
<ShippingDays>3 business days</ShippingDays>
</book>
<book>
<ISBN>817866206X</ISBN>
<url>http://www.infibeam.com//Books/info/dr-p-subba-rao/international-business-text-cases/817866206X.html?utm_term=817866206x_1_1</url>
<Price>214</Price>
<ShippingDays>Book Contents:</ShippingDays>
</book>
<book>
<ISBN>045123443X</ISBN>
<url>http://www.infibeam.com//Books/me-ricky-martin/9780451234438.html?utm_term=045123443x_1_1</url>
<Price>394</Price>
<ShippingDays>3 business days</ShippingDays>
</book>
<book>
<ISBN>078683675X</ISBN>
<url>http://www.infibeam.com//Books/info/Eoin-Colfer/The-Artemis-Fowl-Files/078683675X.html?utm_term=078683675x_1_1</url>
<Price>300</Price>
<ShippingDays>8-10 business days</ShippingDays>
</book>
<book>
<ISBN>078523232X</ISBN>
<url>http://www.infibeam.com//Books/noticer-sometimes-all-person-needs-little-perspective-andy-andrews/9780785232322.html?utm_term=078523232x_1_1</url>
<Price>685</Price>
<ShippingDays>8-10 business days</ShippingDays>
</book>
<book>
<ISBN>143632081X</ISBN>
<url>http://www.infibeam.com//Books/info/tazo/secret-teachings-lost-land-eden/9781436320818.html?utm_term=143632081x_1_1</url>
<Price>1,063</Price>
<ShippingDays>8-10 business days</ShippingDays>
</book>
<book>
<ISBN>0747528306</ISBN>
<url>http://www.infibeam.com//Books/info/daniel-goleman/emotional-intelligence-why-can-matter-more-than-iq/9780747528302.html?utm_term=055384007x_1_1</url>
<Price>236</Price>
<ShippingDays>3 business days</ShippingDays>
</book>
<book>
<ISBN>812651308X</ISBN>
<url>http://www.infibeam.com//Books/info/PHILIP-CARTER/The-Puzzle-Addict-s-Book-Of-Codes/9788126513086.html?utm_term=812651308x_1_1</url>
<Price>79</Price>
<ShippingDays>3 business days</ShippingDays>
</book>
<book>
<ISBN>143633389X</ISBN>
<url>http://www.infibeam.com//Books/info/silvya-tonet/plight-man/9781436333894.html?utm_term=143633389x_1_1</url>
<Price>1,094</Price>
<ShippingDays>8-10 business days</ShippingDays>
</book>
<book>
<ISBN>189177333X</ISBN>
<url>http://www.infibeam.com//Books/info/Ronnie-D-Joyner/Functioning-as-a-Deaconess/189177333X.html?utm_term=189177333x_1_1</url>
<Price>599</Price>
<ShippingDays>8-10 business days</ShippingDays>
</book>
<book>
<ISBN>160696951X</ISBN>
<url>http://www.infibeam.com//Books/info/terry-scerine/joyful-marriage-fortress/9781606969519.html?utm_term=160696951x_1_1</url>
<Price>483</Price>
<ShippingDays>8-10 business days</ShippingDays>
</book>
<book>
<ISBN>817223550X</ISBN>
<url>http://www.infibeam.com//Books/info/P-C-Alexander/Through-the-Corridors-of-Power-An-Insider/817223550X.html?utm_term=817223550x_1_1</url>
<Price>400</Price>
<ShippingDays>Title:</ShippingDays>
</book>
<book>
<ISBN>818940122X</ISBN>
<url>http://www.infibeam.com//Books/info/d-k-chavan/thermodynamics-engineering/9788189401221.html?utm_term=818940122x_1_1</url>
<Price>249</Price>
<ShippingDays>3-5 business days</ShippingDays>
</book>
<book>
<ISBN>817992646X</ISBN>
<url>http://www.infibeam.com//Books/info/Robert-Hayes-McCoy/Direct-Marketing/817992646X.html?utm_term=817992646x_1_1</url>
<Price>271</Price>
<ShippingDays>Title:</ShippingDays>
</book>
<book>
<ISBN>0375826742</ISBN>
<url>http://www.infibeam.com//Books/info/christopher-paolini/brisingr/9780375826740.html?utm_term=060614109x_1_1</url>
<Price>643</Price>
<ShippingDays>8-10 business days</ShippingDays>
</book>
<book>
<ISBN>055277524X</ISBN>
<url>http://www.infibeam.com//Books/info/richard-dawkins/greatest-show-earth/9780552775243.html?utm_term=055277524x_1_1</url>
<Price>307</Price>
<ShippingDays>3 business days</ShippingDays>
</book>
<book>
<ISBN>014306469X</ISBN>
<url>http://www.infibeam.com//Books/info/royina-grewal/town-called-dehra/9780143064695.html?utm_term=014306469x_1_1</url>
<Price>178</Price>
<ShippingDays>3 business days</ShippingDays>
</book>
<book>
<ISBN>067092038X</ISBN>
<url>http://www.infibeam.com//Books/filter-bubble-eli-pariser/9780670920389.html?utm_term=067092038x_1_1</url>
<Price>435</Price>
<ShippingDays>3 business days</ShippingDays>
</book>
<book>
<ISBN>067092038X</ISBN>
<url>http://www.infibeam.com//Books/filter-bubble-eli-pariser/9780670920389.html?utm_term=067092038x_1_2</url>
<Price>435</Price>
<ShippingDays>3 business days</ShippingDays>
</book>
<book>
<ISBN>1905654628</ISBN>
<url>http://www.infibeam.com//Books/info/stephenie-meyer/eclipse-film-tie/9781905654628.html?utm_term=031608736x_1_1</url>
<Price>206</Price>
<ShippingDays>3 business days</ShippingDays>
</book>
<book>
<ISBN>031261795X</ISBN>
<url>http://www.infibeam.com//Books/inside-coca-cola-ceos-secrets-o-david-beasley/9780312617950.html?utm_term=031261795x_1_1</url>
<Price>339</Price>
<ShippingDays>3 business days</ShippingDays>
</book>
<book>
<ISBN>059547229X</ISBN>
<url>http://www.infibeam.com//Books/info/Stania-J-Slahor/Mercurial-Journeys-On-the-Wings-of-Poetry/059547229X.html?utm_term=059547229x_1_1</url>
<Price>645</Price>
<ShippingDays>8-10 business days</ShippingDays>
</book>
<book>
<ISBN>812883276X</ISBN>
<url>http://www.infibeam.com//Books/siya-seth-decides-die-sneha-metha/9788128832765.html?utm_term=812883276x_1_1</url>
<Price>82</Price>
<ShippingDays>3 business days</ShippingDays>
</book>
<book>
<ISBN>067003262X</ISBN>
<url>http://www.infibeam.com//Books/info/Gary-Goldschneider/The-Secret-Language-of-Relationships-Your-Complete/067003262X.html?utm_term=067003262x_1_1</url>
<Price>1,538</Price>
<ShippingDays>8-10 business days</ShippingDays>
</book>
</allbooks>
